[15Jan2026 17:32:43.635] [main/INFO] [cpw.mods.modlauncher.Launcher/MODLAUNCHER]: ModLauncher running: args [--launchTarget, forgeclientdev, --version, 21.1.211, --assetIndex, 17, --assetsDir, /Users/fengyue.john.zhu/.gradle/caches/neoformruntime/assets, --gameDir, ., --fml.fmlVersion, 4.0.42, --fml.mcVersion, 1.21.1, --fml.neoForgeVersion, 21.1.211, --fml.neoFormVersion, 20240808.144430]
[15Jan2026 17:32:43.637] [main/INFO] [cpw.mods.modlauncher.Launcher/MODLAUNCHER]: JVM identified as Oracle Corporation Java HotSpot(TM) 64-Bit Server VM 21.0.8+12-LTS-250
[15Jan2026 17:32:43.638] [main/INFO] [cpw.mods.modlauncher.Launcher/MODLAUNCHER]: ModLauncher 11.0.5+main.901c6ea8 starting: java version 21.0.8 by Oracle Corporation; OS Mac OS X arch aarch64 version 15.6.1
[15Jan2026 17:32:43.648] [main/DEBUG] [cpw.mods.modlauncher.LaunchServiceHandler/MODLAUNCHER]: Found launch services [minecraft,forgeclient,forgedatauserdev,testharness,forgeserverdev,forgeserveruserdev,forgejunitdev,forgeclientdev,forgeclientuserdev,forgeserver,forgejunituserdev,forgedatadev]
[15Jan2026 17:32:43.659] [main/DEBUG] [cpw.mods.modlauncher.LaunchPluginHandler/MODLAUNCHER]: Found launch plugins: [mixin,slf4jfixer,runtime_enum_extender,accesstransformer,runtimedistcleaner]
[15Jan2026 17:32:43.665] [main/DEBUG] [cpw.mods.modlauncher.TransformationServicesHandler/MODLAUNCHER]: Discovering transformation services
[15Jan2026 17:32:43.667] [main/DEBUG] [net.neoforged.fml.loading.FMLPaths/CORE]: Path GAMEDIR is /Users/fengyue.john.zhu/Documents/central_heater/run
[15Jan2026 17:32:43.667] [main/DEBUG] [net.neoforged.fml.loading.FMLPaths/CORE]: Path MODSDIR is /Users/fengyue.john.zhu/Documents/central_heater/run/mods
[15Jan2026 17:32:43.667] [main/DEBUG] [net.neoforged.fml.loading.FMLPaths/CORE]: Path CONFIGDIR is /Users/fengyue.john.zhu/Documents/central_heater/run/config
[15Jan2026 17:32:43.667] [main/DEBUG] [net.neoforged.fml.loading.FMLPaths/CORE]: Path FMLCONFIG is /Users/fengyue.john.zhu/Documents/central_heater/run/config/fml.toml
[15Jan2026 17:32:43.687] [main/DEBUG] [net.neoforged.fml.loading.targets.CommonLaunchHandler/CORE]: Got mod coordinates central_heater%%/Users/fengyue.john.zhu/Documents/central_heater/build/classes/java/main:central_heater%%/Users/fengyue.john.zhu/Documents/central_heater/build/resources/main from env
[15Jan2026 17:32:43.688] [main/DEBUG] [net.neoforged.fml.loading.targets.CommonLaunchHandler/CORE]: Found supplied mod coordinates [{central_heater=[/Users/fengyue.john.zhu/Documents/central_heater/build/classes/java/main, /Users/fengyue.john.zhu/Documents/central_heater/build/resources/main]}]
[15Jan2026 17:32:43.689] [main/DEBUG] [cpw.mods.modlauncher.TransformationServicesHandler/MODLAUNCHER]: Found additional transformation services from discovery services: 
[15Jan2026 17:32:43.692] [main/INFO] [net.neoforged.fml.loading.ImmediateWindowHandler/]: Loading ImmediateWindowProvider fmlearlywindow
[15Jan2026 17:32:43.868] [main/INFO] [EARLYDISPLAY/]: Trying GL version 4.6
[15Jan2026 17:32:43.920] [main/INFO] [EARLYDISPLAY/]: Trying GL version 4.5
[15Jan2026 17:32:43.930] [main/INFO] [EARLYDISPLAY/]: Trying GL version 4.4
[15Jan2026 17:32:43.936] [main/INFO] [EARLYDISPLAY/]: Trying GL version 4.3
[15Jan2026 17:32:43.942] [main/INFO] [EARLYDISPLAY/]: Trying GL version 4.2
[15Jan2026 17:32:43.948] [main/INFO] [EARLYDISPLAY/]: Trying GL version 4.1
[15Jan2026 17:32:43.960] [main/INFO] [EARLYDISPLAY/]: Requested GL version 4.1 got version 4.1
[15Jan2026 17:32:43.969] [main/DEBUG] [EARLYDISPLAY/]: Suppressing GLFW icon error: [0x1000C]Cocoa: Regular windows do not have icons on macOS
[15Jan2026 17:32:44.027] [main/DEBUG] [cpw.mods.modlauncher.TransformationServicesHandler/MODLAUNCHER]: Found transformer services : [mixin,fml]
[15Jan2026 17:32:44.027] [main/DEBUG] [cpw.mods.modlauncher.TransformationServicesHandler/MODLAUNCHER]: Transformation services loading
[15Jan2026 17:32:44.028] [main/DEBUG] [cpw.mods.modlauncher.TransformationServiceDecorator/MODLAUNCHER]: Loading service mixin
[15Jan2026 17:32:44.028] [main/DEBUG] [cpw.mods.modlauncher.TransformationServiceDecorator/MODLAUNCHER]: Loaded service mixin
[15Jan2026 17:32:44.028] [main/DEBUG] [cpw.mods.modlauncher.TransformationServiceDecorator/MODLAUNCHER]: Loading service fml
[15Jan2026 17:32:44.028] [main/DEBUG] [net.neoforged.fml.loading.FMLLoader/CORE]: FML 4.0.42 loading
[15Jan2026 17:32:44.029] [main/DEBUG] [net.neoforged.fml.loading.FMLLoader/CORE]: FML found ModLauncher version : 11.0.5+main.901c6ea8
[15Jan2026 17:32:44.029] [main/DEBUG] [net.neoforged.fml.loading.FMLLoader/CORE]: FML found AccessTransformer version : 10.0.1+139da711
[15Jan2026 17:32:44.029] [main/DEBUG] [net.neoforged.fml.loading.FMLLoader/CORE]: FML found EventBus version : null
[15Jan2026 17:32:44.029] [main/DEBUG] [net.neoforged.fml.loading.FMLLoader/CORE]: Found Runtime Dist Cleaner
[15Jan2026 17:32:44.029] [main/DEBUG] [cpw.mods.modlauncher.TransformationServiceDecorator/MODLAUNCHER]: Loaded service fml
[15Jan2026 17:32:44.030] [main/DEBUG] [cpw.mods.modlauncher.TransformationServicesHandler/MODLAUNCHER]: Configuring option handling for services
[15Jan2026 17:32:44.037] [main/DEBUG] [net.neoforged.fml.loading.FMLServiceProvider/CORE]: Received command line version data  : VersionInfo[neoForgeVersion=21.1.211, fmlVersion=4.0.42, mcVersion=1.21.1, neoFormVersion=20240808.144430]
[15Jan2026 17:32:44.037] [main/DEBUG] [cpw.mods.modlauncher.TransformationServicesHandler/MODLAUNCHER]: Transformation services initializing
[15Jan2026 17:32:44.037] [main/DEBUG] [cpw.mods.modlauncher.TransformationServiceDecorator/MODLAUNCHER]: Initializing transformation service mixin
[15Jan2026 17:32:44.043] [main/DEBUG] [mixin/]: MixinService [ModLauncher] was successfully booted in cpw.mods.cl.ModuleClassLoader@491cc5c9
[15Jan2026 17:32:44.048] [main/INFO] [mixin/]: SpongePowered MIXIN Subsystem Version=0.8.7 Source=union:/Users/fengyue.john.zhu/.gradle/caches/modules-2/files-2.1/net.fabricmc/sponge-mixin/0.15.2+mixin.0.8.7/2af2f021d8e02a0220dc27a7a72b4666d66d44ca/sponge-mixin-0.15.2+mixin.0.8.7.jar%23132!/ Service=ModLauncher Env=CLIENT
[15Jan2026 17:32:44.049] [main/DEBUG] [mixin/]: Initialising Mixin Platform Manager
[15Jan2026 17:32:44.050] [main/DEBUG] [mixin/]: Adding mixin platform agents for container ModLauncher Root Container(ModLauncher:4f56a0a2)
[15Jan2026 17:32:44.050] [main/DEBUG] [mixin/]: Instancing new MixinPlatformAgentMinecraftForge for ModLauncher Root Container(ModLauncher:4f56a0a2)
[15Jan2026 17:32:44.050] [main/DEBUG] [mixin/]: MixinPlatformAgentMinecraftForge rejected container ModLauncher Root Container(ModLauncher:4f56a0a2)
[15Jan2026 17:32:44.050] [main/DEBUG] [mixin/]: Instancing new MixinPlatformAgentDefault for ModLauncher Root Container(ModLauncher:4f56a0a2)
[15Jan2026 17:32:44.051] [main/DEBUG] [mixin/]: MixinPlatformAgentDefault accepted container ModLauncher Root Container(ModLauncher:4f56a0a2)
[15Jan2026 17:32:44.051] [main/DEBUG] [cpw.mods.modlauncher.TransformationServiceDecorator/MODLAUNCHER]: Initialized transformation service mixin
[15Jan2026 17:32:44.051] [main/DEBUG] [cpw.mods.modlauncher.TransformationServiceDecorator/MODLAUNCHER]: Initializing transformation service fml
[15Jan2026 17:32:44.052] [main/DEBUG] [net.neoforged.fml.loading.FMLServiceProvider/CORE]: Setting up basic FML game directories
[15Jan2026 17:32:44.052] [main/DEBUG] [net.neoforged.fml.loading.FMLPaths/CORE]: Path GAMEDIR is /Users/fengyue.john.zhu/Documents/central_heater/run
[15Jan2026 17:32:44.052] [main/DEBUG] [net.neoforged.fml.loading.FMLPaths/CORE]: Path MODSDIR is /Users/fengyue.john.zhu/Documents/central_heater/run/mods
[15Jan2026 17:32:44.052] [main/DEBUG] [net.neoforged.fml.loading.FMLPaths/CORE]: Path CONFIGDIR is /Users/fengyue.john.zhu/Documents/central_heater/run/config
[15Jan2026 17:32:44.052] [main/DEBUG] [net.neoforged.fml.loading.FMLPaths/CORE]: Path FMLCONFIG is /Users/fengyue.john.zhu/Documents/central_heater/run/config/fml.toml
[15Jan2026 17:32:44.052] [main/DEBUG] [net.neoforged.fml.loading.FMLServiceProvider/CORE]: Loading configuration
[15Jan2026 17:32:44.054] [main/DEBUG] [net.neoforged.fml.loading.FMLServiceProvider/CORE]: Preparing launch handler
[15Jan2026 17:32:44.054] [main/DEBUG] [net.neoforged.fml.loading.FMLLoader/CORE]: Using forgeclientdev as launch service
[15Jan2026 17:32:44.055] [main/DEBUG] [cpw.mods.modlauncher.TransformationServiceDecorator/MODLAUNCHER]: Initialized transformation service fml
[15Jan2026 17:32:44.055] [main/DEBUG] [cpw.mods.modlauncher.TransformationServicesHandler/MODLAUNCHER]: Transformation services begin scanning
[15Jan2026 17:32:44.055] [main/DEBUG] [cpw.mods.modlauncher.TransformationServiceDecorator/MODLAUNCHER]: Beginning scan trigger - transformation service mixin
[15Jan2026 17:32:44.055] [main/DEBUG] [cpw.mods.modlauncher.TransformationServiceDecorator/MODLAUNCHER]: End scan trigger - transformation service mixin
[15Jan2026 17:32:44.055] [main/DEBUG] [cpw.mods.modlauncher.TransformationServiceDecorator/MODLAUNCHER]: Beginning scan trigger - transformation service fml
[15Jan2026 17:32:44.056] [main/DEBUG] [net.neoforged.fml.loading.FMLServiceProvider/CORE]: Initiating mod scan
[15Jan2026 17:32:44.056] [main/DEBUG] [net.neoforged.fml.loading.targets.CommonLaunchHandler/CORE]: Got mod coordinates central_heater%%/Users/fengyue.john.zhu/Documents/central_heater/build/classes/java/main:central_heater%%/Users/fengyue.john.zhu/Documents/central_heater/build/resources/main from env
[15Jan2026 17:32:44.056] [main/DEBUG] [net.neoforged.fml.loading.targets.CommonLaunchHandler/CORE]: Found supplied mod coordinates [{central_heater=[/Users/fengyue.john.zhu/Documents/central_heater/build/classes/java/main, /Users/fengyue.john.zhu/Documents/central_heater/build/resources/main]}]
[15Jan2026 17:32:44.057] [main/DEBUG] [net.neoforged.fml.loading.targets.CommonDevLaunchHandler/]: Launching with NeoForge from /Users/fengyue.john.zhu/Documents/central_heater/build/moddev/artifacts/neoforge-21.1.211.jar
[15Jan2026 17:32:44.064] [main/DEBUG] [net.neoforged.fml.util.ServiceLoaderUtil/CORE]: Found 4 implementations of IModFileCandidateLocator:
[15Jan2026 17:32:44.064] [main/DEBUG] [net.neoforged.fml.util.ServiceLoaderUtil/CORE]: 	       0 - [built-in] net.neoforged.fml.loading.moddiscovery.locators.NeoForgeDevProvider from loader-4.0.42.jar
[15Jan2026 17:32:44.064] [main/DEBUG] [net.neoforged.fml.util.ServiceLoaderUtil/CORE]: 	       0 - net.neoforged.fml.loading.moddiscovery.locators.ModsFolderLocator from loader-4.0.42.jar
[15Jan2026 17:32:44.065] [main/DEBUG] [net.neoforged.fml.util.ServiceLoaderUtil/CORE]: 	       0 - net.neoforged.fml.loading.moddiscovery.locators.MavenDirectoryLocator from loader-4.0.42.jar
[15Jan2026 17:32:44.065] [main/DEBUG] [net.neoforged.fml.util.ServiceLoaderUtil/CORE]: 	   -1000 - [built-in] net.neoforged.fml.loading.moddiscovery.locators.UserdevLocator from loader-4.0.42.jar
[15Jan2026 17:32:44.065] [main/DEBUG] [net.neoforged.fml.util.ServiceLoaderUtil/CORE]: Found 2 implementations of IModFileReader:
[15Jan2026 17:32:44.065] [main/DEBUG] [net.neoforged.fml.util.ServiceLoaderUtil/CORE]: 	       0 - net.neoforged.fml.loading.moddiscovery.readers.JarModsDotTomlModFileReader from loader-4.0.42.jar
[15Jan2026 17:32:44.066] [main/DEBUG] [net.neoforged.fml.util.ServiceLoaderUtil/CORE]: 	   -1000 - net.neoforged.fml.loading.moddiscovery.readers.NestedLibraryModReader from loader-4.0.42.jar
[15Jan2026 17:32:44.066] [main/DEBUG] [net.neoforged.fml.util.ServiceLoaderUtil/CORE]: Found 1 implementations of IDependencyLocator:
[15Jan2026 17:32:44.066] [main/DEBUG] [net.neoforged.fml.util.ServiceLoaderUtil/CORE]: 	       0 - net.neoforged.fml.loading.moddiscovery.locators.JarInJarDependencyLocator from loader-4.0.42.jar
[15Jan2026 17:32:44.141] [main/DEBUG] [net.neoforged.fml.loading.moddiscovery.ModFileInfo/LOADING]: Found valid mod file neoforge-21.1.211.jar with {minecraft} mods - versions {1.21.1}
[15Jan2026 17:32:44.147] [main/DEBUG] [net.neoforged.fml.loading.moddiscovery.ModFileParser/LOADING]: Considering mod file candidate /Users/fengyue.john.zhu/Documents/central_heater/build/moddev/artifacts/neoforge-21.1.211.jar
[15Jan2026 17:32:44.157] [main/DEBUG] [net.neoforged.fml.loading.moddiscovery.ModFileInfo/LOADING]: Found valid mod file neoforge-21.1.211.jar with {neoforge} mods - versions {21.1.211}
[15Jan2026 17:32:44.160] [main/DEBUG] [net.neoforged.fml.loading.moddiscovery.ModListHandler/CORE]: Found mod coordinates from lists: []
[15Jan2026 17:32:44.161] [main/DEBUG] [net.neoforged.fml.loading.moddiscovery.ModFileParser/LOADING]: Considering mod file candidate /Users/fengyue.john.zhu/Documents/central_heater/build/classes/java/main
[15Jan2026 17:32:44.164] [main/DEBUG] [net.neoforged.fml.loading.moddiscovery.ModFileInfo/LOADING]: Found valid mod file main with {central_heater} mods - versions {1.2.2}
[15Jan2026 17:32:44.172] [main/DEBUG] [net.neoforged.fml.loading.moddiscovery.ModFileParser/LOADING]: Considering mod file candidate /Users/fengyue.john.zhu/Documents/central_heater/build/moddev/artifacts/neoforge-21.1.211.jar
[15Jan2026 17:32:44.173] [main/DEBUG] [net.neoforged.fml.loading.moddiscovery.ModFileInfo/LOADING]: Found valid mod file neoforge-21.1.211.jar with {neoforge} mods - versions {21.1.211}
[15Jan2026 17:32:44.174] [main/DEBUG] [net.neoforged.fml.loading.moddiscovery.ModFileParser/LOADING]: Considering mod file candidate /Users/fengyue.john.zhu/.gradle/caches/modules-2/files-2.1/mezz.jei/jei-1.21.1-neoforge/19.25.0.325/8eb572aec4030c8cbaf277d1795cddfd5b751738/jei-1.21.1-neoforge-19.25.0.325.jar
[15Jan2026 17:32:44.176] [main/DEBUG] [net.neoforged.fml.loading.moddiscovery.ModFileInfo/LOADING]: Found valid mod file jei-1.21.1-neoforge-19.25.0.325.jar with {jei} mods - versions {19.25.0.325}
[15Jan2026 17:32:44.180] [main/DEBUG] [net.neoforged.fml.loading.moddiscovery.ModDiscoverer/]: Skipping /Users/fengyue.john.zhu/.gradle/caches/modules-2/files-2.1/net.neoforged.fancymodloader/earlydisplay/4.0.42/46555dbfff14e9e052f1f693aed14d542a74e111/earlydisplay-4.0.42.jar because it was already located earlier
[15Jan2026 17:32:44.180] [main/DEBUG] [net.neoforged.fml.loading.moddiscovery.ModDiscoverer/]: Skipping /Users/fengyue.john.zhu/.gradle/caches/modules-2/files-2.1/net.neoforged.fancymodloader/loader/4.0.42/76e15f98bf676fb44b36c5e776f52a55581ec43a/loader-4.0.42.jar because it was already located earlier
[15Jan2026 17:32:44.180] [main/DEBUG] [net.neoforged.fml.loading.moddiscovery.ModDiscoverer/]: Skipping /Users/fengyue.john.zhu/.gradle/caches/modules-2/files-2.1/net.neoforged.accesstransformers/at-modlauncher/10.0.1/5aba50202aceead086bc09fbc2751c9f05cb4890/at-modlauncher-10.0.1.jar because it was already located earlier
[15Jan2026 17:32:44.180] [main/DEBUG] [net.neoforged.fml.loading.moddiscovery.ModDiscoverer/]: Skipping /Users/fengyue.john.zhu/.gradle/caches/modules-2/files-2.1/net.neoforged/accesstransformers/10.0.1/fd83b5725f76eae9115e9355fa1c456a6a441400/accesstransformers-10.0.1.jar because it was already located earlier
[15Jan2026 17:32:44.180] [main/DEBUG] [net.neoforged.fml.loading.moddiscovery.ModDiscoverer/]: Skipping /Users/fengyue.john.zhu/.gradle/caches/modules-2/files-2.1/net.neoforged/bus/8.0.5/5b2d33285ab5d1554e9798ad98c40d6ea3868bd5/bus-8.0.5.jar because it was already located earlier
[15Jan2026 17:32:44.181] [main/DEBUG] [net.neoforged.fml.loading.moddiscovery.ModDiscoverer/]: Skipping /Users/fengyue.john.zhu/.gradle/caches/modules-2/files-2.1/net.neoforged/coremods/7.0.3/9147e6f638b4272b3bd5fc8f92ad37802512c6c/coremods-7.0.3.jar because it was already located earlier
[15Jan2026 17:32:44.181] [main/DEBUG] [net.neoforged.fml.loading.moddiscovery.ModDiscoverer/]: Skipping /Users/fengyue.john.zhu/.gradle/caches/modules-2/files-2.1/cpw.mods/modlauncher/11.0.5/b8f0d49294f733fdb6173931b263553e943dc950/modlauncher-11.0.5.jar because it was already located earlier
[15Jan2026 17:32:44.181] [main/DEBUG] [net.neoforged.fml.loading.moddiscovery.ModDiscoverer/]: Skipping /Users/fengyue.john.zhu/.gradle/caches/modules-2/files-2.1/net.neoforged/mergetool/2.0.0/52fe1949be64e3303aabaaa21e315f551db9c9f4/mergetool-2.0.0-api.jar because it was already located earlier
[15Jan2026 17:32:44.181] [main/DEBUG] [net.neoforged.fml.loading.moddiscovery.ModDiscoverer/]: Skipping /Users/fengyue.john.zhu/.gradle/caches/modules-2/files-2.1/com.electronwill.night-config/toml/3.8.3/90b2fd6efcb4a7d5b9810cf78f9d824994d717f2/toml-3.8.3.jar because it was already located earlier
[15Jan2026 17:32:44.181] [main/DEBUG] [net.neoforged.fml.loading.moddiscovery.ModDiscoverer/]: Skipping /Users/fengyue.john.zhu/.gradle/caches/modules-2/files-2.1/com.electronwill.night-config/core/3.8.3/b442a95f09e349927f5a945ecb594455870fcf4f/core-3.8.3.jar because it was already located earlier
[15Jan2026 17:32:44.181] [main/DEBUG] [net.neoforged.fml.loading.moddiscovery.ModDiscoverer/]: Skipping /Users/fengyue.john.zhu/.gradle/caches/modules-2/files-2.1/net.neoforged/JarJarSelector/0.4.1/fb3cc7a58af22ad2880adb98af6d518128c47dae/JarJarSelector-0.4.1.jar because it was already located earlier
[15Jan2026 17:32:44.181] [main/DEBUG] [net.neoforged.fml.loading.moddiscovery.ModDiscoverer/]: Skipping /Users/fengyue.john.zhu/.gradle/caches/modules-2/files-2.1/net.neoforged/JarJarMetadata/0.4.1/f8da03683dc81694556dc3e177c5e3bb77ae6fcb/JarJarMetadata-0.4.1.jar because it was already located earlier
[15Jan2026 17:32:44.181] [main/DEBUG] [net.neoforged.fml.loading.moddiscovery.ModDiscoverer/]: Skipping /Users/fengyue.john.zhu/.gradle/caches/modules-2/files-2.1/org.apache.maven/maven-artifact/3.8.5/4433f50c07debefaed0553bd0068f4f48d449313/maven-artifact-3.8.5.jar because it was already located earlier
[15Jan2026 17:32:44.181] [main/DEBUG] [net.neoforged.fml.loading.moddiscovery.ModDiscoverer/]: Skipping /Users/fengyue.john.zhu/.gradle/caches/modules-2/files-2.1/net.jodah/typetools/0.6.3/a01aaa6ddaea9ec07ec4f209487b7a46a526283a/typetools-0.6.3.jar because it was already located earlier
[15Jan2026 17:32:44.182] [main/DEBUG] [net.neoforged.fml.loading.moddiscovery.ModDiscoverer/]: Skipping /Users/fengyue.john.zhu/.gradle/caches/modules-2/files-2.1/net.minecrell/terminalconsoleappender/1.3.0/b562e9bb61235c9520e26282cdee71f8f802d1fc/terminalconsoleappender-1.3.0.jar because it was already located earlier
[15Jan2026 17:32:44.182] [main/DEBUG] [net.neoforged.fml.loading.moddiscovery.ModDiscoverer/]: Skipping /Users/fengyue.john.zhu/.gradle/caches/modules-2/files-2.1/net.fabricmc/sponge-mixin/0.15.2+mixin.0.8.7/2af2f021d8e02a0220dc27a7a72b4666d66d44ca/sponge-mixin-0.15.2+mixin.0.8.7.jar because it was already located earlier
[15Jan2026 17:32:44.182] [main/DEBUG] [net.neoforged.fml.loading.moddiscovery.ModDiscoverer/]: Skipping /Users/fengyue.john.zhu/.gradle/caches/modules-2/files-2.1/org.openjdk.nashorn/nashorn-core/15.4/f67f5ffaa5f5130cf6fb9b133da00c7df3b532a5/nashorn-core-15.4.jar because it was already located earlier
[15Jan2026 17:32:44.182] [main/DEBUG] [net.neoforged.fml.loading.moddiscovery.ModDiscoverer/]: Skipping /Users/fengyue.john.zhu/.gradle/caches/modules-2/files-2.1/org.apache.commons/commons-lang3/3.14.0/1ed471194b02f2c6cb734a0cd6f6f107c673afae/commons-lang3-3.14.0.jar because it was already located earlier
[15Jan2026 17:32:44.182] [main/DEBUG] [net.neoforged.fml.loading.moddiscovery.ModDiscoverer/]: Skipping /Users/fengyue.john.zhu/.gradle/caches/modules-2/files-2.1/net.sf.jopt-simple/jopt-simple/5.0.4/4fdac2fbe92dfad86aa6e9301736f6b4342a3f5c/jopt-simple-5.0.4.jar because it was already located earlier
[15Jan2026 17:32:44.182] [main/DEBUG] [net.neoforged.fml.loading.moddiscovery.ModDiscoverer/]: Skipping /Users/fengyue.john.zhu/.gradle/caches/modules-2/files-2.1/commons-io/commons-io/2.15.1/f11560da189ab563a5c8e351941415430e9304ea/commons-io-2.15.1.jar because it was already located earlier
[15Jan2026 17:32:44.182] [main/DEBUG] [net.neoforged.fml.loading.moddiscovery.ModDiscoverer/]: Skipping /Users/fengyue.john.zhu/.gradle/caches/modules-2/files-2.1/com.mojang/logging/1.2.7/24cb95ffb0e3433fd6e844c04e68009e504ca1c0/logging-1.2.7.jar because it was already located earlier
[15Jan2026 17:32:44.182] [main/DEBUG] [net.neoforged.fml.loading.moddiscovery.ModDiscoverer/]: Skipping /Users/fengyue.john.zhu/.gradle/caches/modules-2/files-2.1/org.apache.logging.log4j/log4j-slf4j2-impl/2.22.1/d7e6693c2606cb7e7335047d7bb96dec52db5665/log4j-slf4j2-impl-2.22.1.jar because it was already located earlier
[15Jan2026 17:32:44.182] [main/DEBUG] [net.neoforged.fml.loading.moddiscovery.ModDiscoverer/]: Skipping /Users/fengyue.john.zhu/.gradle/caches/modules-2/files-2.1/org.apache.logging.log4j/log4j-core/2.22.1/7183a25510a02ad00cc6a95d3b3d2a7d3c5a8dc4/log4j-core-2.22.1.jar because it was already located earlier
[15Jan2026 17:32:44.182] [main/DEBUG] [net.neoforged.fml.loading.moddiscovery.ModDiscoverer/]: Skipping /Users/fengyue.john.zhu/.gradle/caches/modules-2/files-2.1/org.apache.logging.log4j/log4j-api/2.22.1/bea6fede6328fabafd7e68363161a7ea6605abd1/log4j-api-2.22.1.jar because it was already located earlier
[15Jan2026 17:32:44.182] [main/DEBUG] [net.neoforged.fml.loading.moddiscovery.ModDiscoverer/]: Skipping /Users/fengyue.john.zhu/.gradle/caches/modules-2/files-2.1/com.google.guava/guava/32.1.2-jre/5e64ec7e056456bef3a4bc4c6fdaef71e8ab6318/guava-32.1.2-jre.jar because it was already located earlier
[15Jan2026 17:32:44.182] [main/DEBUG] [net.neoforged.fml.loading.moddiscovery.ModDiscoverer/]: Skipping /Users/fengyue.john.zhu/.gradle/caches/modules-2/files-2.1/com.google.code.gson/gson/2.10.1/b3add478d4382b78ea20b1671390a858002feb6c/gson-2.10.1.jar because it was already located earlier
[15Jan2026 17:32:44.182] [main/DEBUG] [net.neoforged.fml.loading.moddiscovery.ModDiscoverer/]: Skipping /Users/fengyue.john.zhu/.gradle/caches/modules-2/files-2.1/org.slf4j/slf4j-api/2.0.9/7cf2726fdcfbc8610f9a71fb3ed639871f315340/slf4j-api-2.0.9.jar because it was already located earlier
[15Jan2026 17:32:44.182] [main/DEBUG] [net.neoforged.fml.loading.moddiscovery.ModDiscoverer/]: Skipping /Users/fengyue.john.zhu/.gradle/caches/modules-2/files-2.1/org.antlr/antlr4-runtime/4.13.1/17125bae1d965624e265ef49552f6465a2bfa307/antlr4-runtime-4.13.1.jar because it was already located earlier
[15Jan2026 17:32:44.182] [main/DEBUG] [net.neoforged.fml.loading.moddiscovery.ModDiscoverer/]: Skipping /Users/fengyue.john.zhu/.gradle/caches/modules-2/files-2.1/net.minecraftforge/srgutils/0.4.15/ca408b131759478f164e010fae0d73997e125fb5/srgutils-0.4.15.jar because it was already located earlier
[15Jan2026 17:32:44.182] [main/DEBUG] [net.neoforged.fml.loading.moddiscovery.ModDiscoverer/]: Skipping /Users/fengyue.john.zhu/.gradle/caches/modules-2/files-2.1/org.codehaus.plexus/plexus-utils/3.3.0/cf43b5391de623b36fe066a21127baef82c64022/plexus-utils-3.3.0.jar because it was already located earlier
[15Jan2026 17:32:44.182] [main/DEBUG] [net.neoforged.fml.loading.moddiscovery.ModDiscoverer/]: Skipping /Users/fengyue.john.zhu/.gradle/caches/modules-2/files-2.1/org.jline/jline-reader/3.20.0/8f15415b022a25b473e8e16c28ae913186ffb9c4/jline-reader-3.20.0.jar because it was already located earlier
[15Jan2026 17:32:44.183] [main/DEBUG] [net.neoforged.fml.loading.moddiscovery.ModDiscoverer/]: Skipping /Users/fengyue.john.zhu/.gradle/caches/modules-2/files-2.1/com.machinezoo.noexception/noexception/1.7.1/b65330c98e38a1f915fa54a6e5eca496505e3f0a/noexception-1.7.1.jar because it was already located earlier
[15Jan2026 17:32:44.183] [main/DEBUG] [net.neoforged.fml.loading.moddiscovery.ModDiscoverer/]: Skipping /Users/fengyue.john.zhu/.gradle/caches/modules-2/files-2.1/com.github.oshi/oshi-core/6.4.10/b1d8ab82d11d92fd639b56d639f8f46f739dd5fa/oshi-core-6.4.10.jar because it was already located earlier
[15Jan2026 17:32:44.183] [main/DEBUG] [net.neoforged.fml.loading.moddiscovery.ModDiscoverer/]: Skipping /Users/fengyue.john.zhu/.gradle/caches/modules-2/files-2.1/com.google.guava/failureaccess/1.0.1/1dcf1de382a0bf95a3d8b0849546c88bac1292c9/failureaccess-1.0.1.jar because it was already located earlier
[15Jan2026 17:32:44.183] [main/DEBUG] [net.neoforged.fml.loading.moddiscovery.ModDiscoverer/]: Skipping /Users/fengyue.john.zhu/.gradle/caches/modules-2/files-2.1/com.ibm.icu/icu4j/73.2/61ad4ef7f9131fcf6d25c34b817f90d6da06c9e9/icu4j-73.2.jar because it was already located earlier
[15Jan2026 17:32:44.183] [main/DEBUG] [net.neoforged.fml.loading.moddiscovery.ModDiscoverer/]: Skipping /Users/fengyue.john.zhu/.gradle/caches/modules-2/files-2.1/com.mojang/authlib/6.0.54/de8bc95660e1b2fe8793fd427a7a10dcec5b3ea7/authlib-6.0.54.jar because it was already located earlier
[15Jan2026 17:32:44.183] [main/DEBUG] [net.neoforged.fml.loading.moddiscovery.ModDiscoverer/]: Skipping /Users/fengyue.john.zhu/.gradle/caches/modules-2/files-2.1/com.mojang/blocklist/1.0.10/5c685c5ffa94c4cd39496c7184c1d122e515ecef/blocklist-1.0.10.jar because it was already located earlier
[15Jan2026 17:32:44.183] [main/DEBUG] [net.neoforged.fml.loading.moddiscovery.ModDiscoverer/]: Skipping /Users/fengyue.john.zhu/.gradle/caches/modules-2/files-2.1/com.mojang/brigadier/1.3.10/d15b53a14cf20fdcaa98f731af5dda654452c010/brigadier-1.3.10.jar because it was already located earlier
[15Jan2026 17:32:44.184] [main/DEBUG] [net.neoforged.fml.loading.moddiscovery.ModDiscoverer/]: Skipping /Users/fengyue.john.zhu/.gradle/caches/modules-2/files-2.1/com.mojang/datafixerupper/8.0.16/67d4de6d7f95d89bcf5862995fb854ebaec02a34/datafixerupper-8.0.16.jar because it was already located earlier
[15Jan2026 17:32:44.184] [main/DEBUG] [net.neoforged.fml.loading.moddiscovery.ModDiscoverer/]: Skipping /Users/fengyue.john.zhu/.gradle/caches/modules-2/files-2.1/com.mojang/patchy/2.2.10/da05971b07cbb379d002cf7eaec6a2048211fefc/patchy-2.2.10.jar because it was already located earlier
[15Jan2026 17:32:44.184] [main/DEBUG] [net.neoforged.fml.loading.moddiscovery.ModDiscoverer/]: Skipping /Users/fengyue.john.zhu/.gradle/caches/modules-2/files-2.1/com.mojang/text2speech/1.17.9/3cad216e3a7f0c19b4b394388bc9ffc446f13b14/text2speech-1.17.9.jar because it was already located earlier
[15Jan2026 17:32:44.184] [main/DEBUG] [net.neoforged.fml.loading.moddiscovery.ModDiscoverer/]: Skipping /Users/fengyue.john.zhu/.gradle/caches/modules-2/files-2.1/commons-codec/commons-codec/1.16.0/4e3eb3d79888d76b54e28b350915b5dc3919c9de/commons-codec-1.16.0.jar because it was already located earlier
[15Jan2026 17:32:44.184] [main/DEBUG] [net.neoforged.fml.loading.moddiscovery.ModDiscoverer/]: Skipping /Users/fengyue.john.zhu/.gradle/caches/modules-2/files-2.1/commons-logging/commons-logging/1.2/4bfc12adfe4842bf07b657f0369c4cb522955686/commons-logging-1.2.jar because it was already located earlier
[15Jan2026 17:32:44.184] [main/DEBUG] [net.neoforged.fml.loading.moddiscovery.ModDiscoverer/]: Skipping /Users/fengyue.john.zhu/.gradle/caches/modules-2/files-2.1/io.netty/netty-buffer/4.1.97.Final/f8f3d8644afa5e6e1a40a3a6aeb9d9aa970ecb4f/netty-buffer-4.1.97.Final.jar because it was already located earlier
[15Jan2026 17:32:44.184] [main/DEBUG] [net.neoforged.fml.loading.moddiscovery.ModDiscoverer/]: Skipping /Users/fengyue.john.zhu/.gradle/caches/modules-2/files-2.1/io.netty/netty-codec/4.1.97.Final/384ba4d75670befbedb45c4d3b497a93639c206d/netty-codec-4.1.97.Final.jar because it was already located earlier
[15Jan2026 17:32:44.184] [main/DEBUG] [net.neoforged.fml.loading.moddiscovery.ModDiscoverer/]: Skipping /Users/fengyue.john.zhu/.gradle/caches/modules-2/files-2.1/io.netty/netty-common/4.1.97.Final/7cceacaf11df8dc63f23d0fb58e9d4640fc88404/netty-common-4.1.97.Final.jar because it was already located earlier
[15Jan2026 17:32:44.185] [main/DEBUG] [net.neoforged.fml.loading.moddiscovery.ModDiscoverer/]: Skipping /Users/fengyue.john.zhu/.gradle/caches/modules-2/files-2.1/io.netty/netty-handler/4.1.97.Final/abb86c6906bf512bf2b797a41cd7d2e8d3cd7c36/netty-handler-4.1.97.Final.jar because it was already located earlier
[15Jan2026 17:32:44.185] [main/DEBUG] [net.neoforged.fml.loading.moddiscovery.ModDiscoverer/]: Skipping /Users/fengyue.john.zhu/.gradle/caches/modules-2/files-2.1/io.netty/netty-resolver/4.1.97.Final/cec8348108dc76c47cf87c669d514be52c922144/netty-resolver-4.1.97.Final.jar because it was already located earlier
[15Jan2026 17:32:44.185] [main/DEBUG] [net.neoforged.fml.loading.moddiscovery.ModDiscoverer/]: Skipping /Users/fengyue.john.zhu/.gradle/caches/modules-2/files-2.1/io.netty/netty-transport-classes-epoll/4.1.97.Final/795da37ded759e862457a82d9d92c4d39ce8ecee/netty-transport-classes-epoll-4.1.97.Final.jar because it was already located earlier
[15Jan2026 17:32:44.185] [main/DEBUG] [net.neoforged.fml.loading.moddiscovery.ModDiscoverer/]: Skipping /Users/fengyue.john.zhu/.gradle/caches/modules-2/files-2.1/io.netty/netty-transport-native-unix-common/4.1.97.Final/d469d84265ab70095b01b40886cabdd433b6e664/netty-transport-native-unix-common-4.1.97.Final.jar because it was already located earlier
[15Jan2026 17:32:44.185] [main/DEBUG] [net.neoforged.fml.loading.moddiscovery.ModDiscoverer/]: Skipping /Users/fengyue.john.zhu/.gradle/caches/modules-2/files-2.1/io.netty/netty-transport/4.1.97.Final/f37380d23c9bb079bc702910833b2fd532c9abd0/netty-transport-4.1.97.Final.jar because it was already located earlier
[15Jan2026 17:32:44.185] [main/DEBUG] [net.neoforged.fml.loading.moddiscovery.ModDiscoverer/]: Skipping /Users/fengyue.john.zhu/.gradle/caches/modules-2/files-2.1/it.unimi.dsi/fastutil/8.5.12/c24946d46824bd528054bface3231d2ecb7e95e8/fastutil-8.5.12.jar because it was already located earlier
[15Jan2026 17:32:44.185] [main/DEBUG] [net.neoforged.fml.loading.moddiscovery.ModDiscoverer/]: Skipping /Users/fengyue.john.zhu/.gradle/caches/modules-2/files-2.1/net.java.dev.jna/jna-platform/5.14.0/28934d48aed814f11e4c584da55c49fa7032b31b/jna-platform-5.14.0.jar because it was already located earlier
[15Jan2026 17:32:44.185] [main/DEBUG] [net.neoforged.fml.loading.moddiscovery.ModDiscoverer/]: Skipping /Users/fengyue.john.zhu/.gradle/caches/modules-2/files-2.1/net.java.dev.jna/jna/5.14.0/67bf3eaea4f0718cb376a181a629e5f88fa1c9dd/jna-5.14.0.jar because it was already located earlier
[15Jan2026 17:32:44.185] [main/DEBUG] [net.neoforged.fml.loading.moddiscovery.ModDiscoverer/]: Skipping /Users/fengyue.john.zhu/.gradle/caches/modules-2/files-2.1/org.apache.commons/commons-compress/1.26.0/659feffdd12280201c8aacb8f7be94f9a883c824/commons-compress-1.26.0.jar because it was already located earlier
[15Jan2026 17:32:44.185] [main/DEBUG] [net.neoforged.fml.loading.moddiscovery.ModDiscoverer/]: Skipping /Users/fengyue.john.zhu/.gradle/caches/modules-2/files-2.1/org.apache.httpcomponents/httpclient/4.5.13/e5f6cae5ca7ecaac1ec2827a9e2d65ae2869cada/httpclient-4.5.13.jar because it was already located earlier
[15Jan2026 17:32:44.185] [main/DEBUG] [net.neoforged.fml.loading.moddiscovery.ModDiscoverer/]: Skipping /Users/fengyue.john.zhu/.gradle/caches/modules-2/files-2.1/org.apache.httpcomponents/httpcore/4.4.16/51cf043c87253c9f58b539c9f7e44c8894223850/httpcore-4.4.16.jar because it was already located earlier
[15Jan2026 17:32:44.185] [main/DEBUG] [net.neoforged.fml.loading.moddiscovery.ModDiscoverer/]: Skipping /Users/fengyue.john.zhu/.gradle/caches/modules-2/files-2.1/org.jcraft/jorbis/0.0.17/8872d22b293e8f5d7d56ff92be966e6dc28ebdc6/jorbis-0.0.17.jar because it was already located earlier
[15Jan2026 17:32:44.185] [main/DEBUG] [net.neoforged.fml.loading.moddiscovery.ModDiscoverer/]: Skipping /Users/fengyue.john.zhu/.gradle/caches/modules-2/files-2.1/org.joml/joml/1.10.5/22566d58af70ad3d72308bab63b8339906deb649/joml-1.10.5.jar because it was already located earlier
[15Jan2026 17:32:44.185] [main/DEBUG] [net.neoforged.fml.loading.moddiscovery.ModDiscoverer/]: Skipping /Users/fengyue.john.zhu/.gradle/caches/modules-2/files-2.1/org.lwjgl/lwjgl-freetype/3.3.3/a0db6c84a8becc8ca05f9dbfa985edc348a824c7/lwjgl-freetype-3.3.3.jar because it was already located earlier
[15Jan2026 17:32:44.185] [main/DEBUG] [net.neoforged.fml.loading.moddiscovery.ModDiscoverer/]: Skipping /Users/fengyue.john.zhu/.gradle/caches/modules-2/files-2.1/org.lwjgl/lwjgl-freetype/3.3.3/b0a8c9baa9d1f54ac61e1ab9640c7659e7fa700c/lwjgl-freetype-3.3.3-natives-macos-arm64.jar because it was already located earlier
[15Jan2026 17:32:44.185] [main/DEBUG] [net.neoforged.fml.loading.moddiscovery.ModDiscoverer/]: Skipping /Users/fengyue.john.zhu/.gradle/caches/modules-2/files-2.1/org.lwjgl/lwjgl-freetype/3.3.3/806d869f37ce0df388a24e17aaaf5ca0894d851b/lwjgl-freetype-3.3.3-natives-macos-patch.jar because it was already located earlier
[15Jan2026 17:32:44.186] [main/DEBUG] [net.neoforged.fml.loading.moddiscovery.ModDiscoverer/]: Skipping /Users/fengyue.john.zhu/.gradle/caches/modules-2/files-2.1/org.lwjgl/lwjgl-glfw/3.3.3/efa1eb78c5ccd840e9f329717109b5e892d72f8e/lwjgl-glfw-3.3.3.jar because it was already located earlier
[15Jan2026 17:32:44.186] [main/DEBUG] [net.neoforged.fml.loading.moddiscovery.ModDiscoverer/]: Skipping /Users/fengyue.john.zhu/.gradle/caches/modules-2/files-2.1/org.lwjgl/lwjgl-glfw/3.3.3/a1bf400f6bc64e6195596cb1430dafda46090751/lwjgl-glfw-3.3.3-natives-macos.jar because it was already located earlier
[15Jan2026 17:32:44.186] [main/DEBUG] [net.neoforged.fml.loading.moddiscovery.ModDiscoverer/]: Skipping /Users/fengyue.john.zhu/.gradle/caches/modules-2/files-2.1/org.lwjgl/lwjgl-jemalloc/3.3.3/b543467b7ff3c6920539a88ee602d34098628be5/lwjgl-jemalloc-3.3.3.jar because it was already located earlier
[15Jan2026 17:32:44.187] [main/DEBUG] [net.neoforged.fml.loading.moddiscovery.ModDiscoverer/]: Skipping /Users/fengyue.john.zhu/.gradle/caches/modules-2/files-2.1/org.lwjgl/lwjgl-jemalloc/3.3.3/2906637657a57579847238c9c72d2c4bde7083f8/lwjgl-jemalloc-3.3.3-natives-macos.jar because it was already located earlier
[15Jan2026 17:32:44.187] [main/DEBUG] [net.neoforged.fml.loading.moddiscovery.ModDiscoverer/]: Skipping /Users/fengyue.john.zhu/.gradle/caches/modules-2/files-2.1/org.lwjgl/lwjgl-openal/3.3.3/daada81ceb5fc0c291fbfdd4433cb8d9423577f2/lwjgl-openal-3.3.3.jar because it was already located earlier
[15Jan2026 17:32:44.187] [main/DEBUG] [net.neoforged.fml.loading.moddiscovery.ModDiscoverer/]: Skipping /Users/fengyue.john.zhu/.gradle/caches/modules-2/files-2.1/org.lwjgl/lwjgl-openal/3.3.3/8df8338bfa77f2ebabef4e58964bd04d24805cbf/lwjgl-openal-3.3.3-natives-macos.jar because it was already located earlier
[15Jan2026 17:32:44.187] [main/DEBUG] [net.neoforged.fml.loading.moddiscovery.ModDiscoverer/]: Skipping /Users/fengyue.john.zhu/.gradle/caches/modules-2/files-2.1/org.lwjgl/lwjgl-opengl/3.3.3/2f6b0147078396a58979125a4c947664e98293a/lwjgl-opengl-3.3.3.jar because it was already located earlier
[15Jan2026 17:32:44.187] [main/DEBUG] [net.neoforged.fml.loading.moddiscovery.ModDiscoverer/]: Skipping /Users/fengyue.john.zhu/.gradle/caches/modules-2/files-2.1/org.lwjgl/lwjgl-opengl/3.3.3/1bd45997551ae8a28469f3a2b678f4b7289e12c0/lwjgl-opengl-3.3.3-natives-macos.jar because it was already located earlier
[15Jan2026 17:32:44.188] [main/DEBUG] [net.neoforged.fml.loading.moddiscovery.ModDiscoverer/]: Skipping /Users/fengyue.john.zhu/.gradle/caches/modules-2/files-2.1/org.lwjgl/lwjgl-stb/3.3.3/25dd6161988d7e65f71d5065c99902402ee32746/lwjgl-stb-3.3.3.jar because it was already located earlier
[15Jan2026 17:32:44.188] [main/DEBUG] [net.neoforged.fml.loading.moddiscovery.ModDiscoverer/]: Skipping /Users/fengyue.john.zhu/.gradle/caches/modules-2/files-2.1/org.lwjgl/lwjgl-stb/3.3.3/472792c98fb2c1557c060cb9da5fca6a9773621f/lwjgl-stb-3.3.3-natives-macos.jar because it was already located earlier
[15Jan2026 17:32:44.188] [main/DEBUG] [net.neoforged.fml.loading.moddiscovery.ModDiscoverer/]: Skipping /Users/fengyue.john.zhu/.gradle/caches/modules-2/files-2.1/org.lwjgl/lwjgl-tinyfd/3.3.3/82d755ca94b102e9ca77283b9e2dc46d1b15fbe5/lwjgl-tinyfd-3.3.3.jar because it was already located earlier
[15Jan2026 17:32:44.189] [main/DEBUG] [net.neoforged.fml.loading.moddiscovery.ModDiscoverer/]: Skipping /Users/fengyue.john.zhu/.gradle/caches/modules-2/files-2.1/org.lwjgl/lwjgl-tinyfd/3.3.3/406feedb977372085a61eb0fee358183f4f4c67a/lwjgl-tinyfd-3.3.3-natives-macos-arm64.jar because it was already located earlier
[15Jan2026 17:32:44.189] [main/DEBUG] [net.neoforged.fml.loading.moddiscovery.ModDiscoverer/]: Skipping /Users/fengyue.john.zhu/.gradle/caches/modules-2/files-2.1/org.lwjgl/lwjgl/3.3.3/29589b5f87ed335a6c7e7ee6a5775f81f97ecb84/lwjgl-3.3.3.jar because it was already located earlier
[15Jan2026 17:32:44.189] [main/DEBUG] [net.neoforged.fml.loading.moddiscovery.ModDiscoverer/]: Skipping /Users/fengyue.john.zhu/.gradle/caches/modules-2/files-2.1/org.lwjgl/lwjgl/3.3.3/226246e75f6bd8d4e1895bdce8638ef87808d114/lwjgl-3.3.3-natives-macos-arm64.jar because it was already located earlier
[15Jan2026 17:32:44.189] [main/DEBUG] [net.neoforged.fml.loading.moddiscovery.ModDiscoverer/]: Skipping /Users/fengyue.john.zhu/.gradle/caches/modules-2/files-2.1/org.lz4/lz4-java/1.8.0/4b986a99445e49ea5fbf5d149c4b63f6ed6c6780/lz4-java-1.8.0.jar because it was already located earlier
[15Jan2026 17:32:44.189] [main/DEBUG] [net.neoforged.fml.loading.moddiscovery.ModDiscoverer/]: Skipping /Users/fengyue.john.zhu/.gradle/caches/modules-2/files-2.1/org.jline/jline-terminal/3.20.0/d0ddcc708ddf527a3454c941b7b9225cc83a15ff/jline-terminal-3.20.0.jar because it was already located earlier
[15Jan2026 17:32:44.189] [main/DEBUG] [net.neoforged.fml.loading.moddiscovery.ModDiscoverer/]: Skipping /Users/fengyue.john.zhu/.gradle/caches/modules-2/files-2.1/ca.weblite/java-objc-bridge/1.1/1227f9e0666314f9de41477e3ec277e542ed7f7b/java-objc-bridge-1.1.jar because it was already located earlier
[15Jan2026 17:32:44.189] [main/DEBUG] [net.neoforged.fml.loading.moddiscovery.ModDiscoverer/]: Skipping /Users/fengyue.john.zhu/.gradle/caches/modules-2/files-2.1/com.google.guava/listenablefuture/9999.0-empty-to-avoid-conflict-with-guava/b421526c5f297295adef1c886e5246c39d4ac629/listenablefuture-9999.0-empty-to-avoid-conflict-with-guava.jar because it was already located earlier
[15Jan2026 17:32:44.190] [main/DEBUG] [net.neoforged.fml.loading.moddiscovery.ModDiscoverer/]: Skipping /Users/fengyue.john.zhu/.gradle/caches/modules-2/files-2.1/com.google.code.findbugs/jsr305/3.0.2/25ea2e8b0c338a877313bd4672d3fe056ea78f0d/jsr305-3.0.2.jar because it was already located earlier
[15Jan2026 17:32:44.190] [main/DEBUG] [net.neoforged.fml.loading.moddiscovery.ModDiscoverer/]: Skipping /Users/fengyue.john.zhu/.gradle/caches/modules-2/files-2.1/org.checkerframework/checker-qual/3.33.0/de2b60b62da487644fc11f734e73c8b0b431238f/checker-qual-3.33.0.jar because it was already located earlier
[15Jan2026 17:32:44.190] [main/DEBUG] [net.neoforged.fml.loading.moddiscovery.ModDiscoverer/]: Skipping /Users/fengyue.john.zhu/.gradle/caches/modules-2/files-2.1/com.google.errorprone/error_prone_annotations/2.18.0/89b684257096f548fa39a7df9fdaa409d4d4df91/error_prone_annotations-2.18.0.jar because it was already located earlier
[15Jan2026 17:32:44.190] [main/DEBUG] [net.neoforged.fml.loading.moddiscovery.ModDiscoverer/]: Skipping /Users/fengyue.john.zhu/.gradle/caches/modules-2/files-2.1/com.google.j2objc/j2objc-annotations/2.8/c85270e307e7b822f1086b93689124b89768e273/j2objc-annotations-2.8.jar because it was already located earlier
[15Jan2026 17:32:44.191] [main/DEBUG] [net.neoforged.fml.loading.UniqueModListBuilder/]: Found 2 mods for first modid neoforge, selecting most recent based on version data
[15Jan2026 17:32:44.191] [main/DEBUG] [net.neoforged.fml.loading.UniqueModListBuilder/]: Selected file neoforge-21.1.211.jar for modid neoforge with version 21.1.211
[15Jan2026 17:32:44.279] [main/INFO] [net.neoforged.fml.loading.moddiscovery.locators.JarInJarDependencyLocator/]: Found 2 dependencies adding them to mods collection
[15Jan2026 17:32:44.281] [main/INFO] [net.neoforged.fml.loading.moddiscovery.ModDiscoverer/]: 
     Mod List:
		Name Version (Mod Id)

		Central Heater 1.2.2 (central_heater)
		Just Enough Items 19.25.0.325 (jei)
		Minecraft 1.21.1 (minecraft)
		NeoForge 21.1.211 (neoforge)
[15Jan2026 17:32:44.281] [main/DEBUG] [net.neoforged.fml.loading.moddiscovery.ModFileInfo/LOADING]: Found valid mod file neoforge-21.1.211.jar with {minecraft} mods - versions {1.21.1}
[15Jan2026 17:32:44.283] [main/DEBUG] [net.neoforged.fml.loading.moddiscovery.ModFile/LOADING]: Loading mod file /Users/fengyue.john.zhu/Documents/central_heater/build/moddev/artifacts/neoforge-21.1.211.jar with languages [LanguageSpec[languageName=minecraft, acceptedVersions=1]]
[15Jan2026 17:32:44.284] [main/DEBUG] [net.neoforged.fml.loading.moddiscovery.ModFileParser/LOADING]: Considering mod file candidate /Users/fengyue.john.zhu/Documents/central_heater/build/classes/java/main
[15Jan2026 17:32:44.286] [main/DEBUG] [net.neoforged.fml.loading.moddiscovery.ModFileInfo/LOADING]: Found valid mod file main with {central_heater} mods - versions {1.2.2}
[15Jan2026 17:32:44.286] [main/DEBUG] [net.neoforged.fml.loading.moddiscovery.ModFile/LOADING]: Loading mod file /Users/fengyue.john.zhu/Documents/central_heater/build/classes/java/main with languages [LanguageSpec[languageName=javafml, acceptedVersions=[4,)]]
[15Jan2026 17:32:44.287] [main/DEBUG] [net.neoforged.fml.loading.moddiscovery.ModFile/LOADING]: Found mixin config MixinConfig[config=central_heater.mixins.json, requiredMods=[]]
[15Jan2026 17:32:44.287] [main/DEBUG] [net.neoforged.fml.loading.moddiscovery.ModFileParser/LOADING]: Considering mod file candidate /Users/fengyue.john.zhu/Documents/central_heater/build/moddev/artifacts/neoforge-21.1.211.jar
[15Jan2026 17:32:44.288] [main/DEBUG] [net.neoforged.fml.loading.moddiscovery.ModFileInfo/LOADING]: Found valid mod file neoforge-21.1.211.jar with {neoforge} mods - versions {21.1.211}
[15Jan2026 17:32:44.288] [main/DEBUG] [net.neoforged.fml.loading.moddiscovery.ModFile/LOADING]: Loading mod file /Users/fengyue.john.zhu/Documents/central_heater/build/moddev/artifacts/neoforge-21.1.211.jar with languages [LanguageSpec[languageName=javafml, acceptedVersions=[3,]]]
[15Jan2026 17:32:44.288] [main/DEBUG] [net.neoforged.fml.loading.moddiscovery.ModFile/LOADING]: Found mixin config MixinConfig[config=neoforge.mixins.json, requiredMods=[]]
[15Jan2026 17:32:44.289] [main/DEBUG] [net.neoforged.fml.loading.moddiscovery.ModFileParser/LOADING]: Considering mod file candidate /Users/fengyue.john.zhu/.gradle/caches/modules-2/files-2.1/mezz.jei/jei-1.21.1-neoforge/19.25.0.325/8eb572aec4030c8cbaf277d1795cddfd5b751738/jei-1.21.1-neoforge-19.25.0.325.jar
[15Jan2026 17:32:44.290] [main/DEBUG] [net.neoforged.fml.loading.moddiscovery.ModFileInfo/LOADING]: Found valid mod file jei-1.21.1-neoforge-19.25.0.325.jar with {jei} mods - versions {19.25.0.325}
[15Jan2026 17:32:44.290] [main/DEBUG] [net.neoforged.fml.loading.moddiscovery.ModFile/LOADING]: Loading mod file /Users/fengyue.john.zhu/.gradle/caches/modules-2/files-2.1/mezz.jei/jei-1.21.1-neoforge/19.25.0.325/8eb572aec4030c8cbaf277d1795cddfd5b751738/jei-1.21.1-neoforge-19.25.0.325.jar with languages [LanguageSpec[languageName=javafml, acceptedVersions=[4,)]]
[15Jan2026 17:32:44.290] [main/DEBUG] [net.neoforged.fml.loading.moddiscovery.ModFile/LOADING]: Loading mod file  with languages []
[15Jan2026 17:32:44.291] [main/DEBUG] [cpw.mods.modlauncher.TransformationServiceDecorator/MODLAUNCHER]: End scan trigger - transformation service fml
[15Jan2026 17:32:44.301] [main/DEBUG] [net.neoforged.fml.util.ServiceLoaderUtil/CORE]: Found 3 implementations of IModLanguageLoader:
[15Jan2026 17:32:44.301] [main/DEBUG] [net.neoforged.fml.util.ServiceLoaderUtil/CORE]: 	net.neoforged.fml.javafmlmod.FMLJavaModLanguageProvider from loader-4.0.42.jar
[15Jan2026 17:32:44.301] [main/DEBUG] [net.neoforged.fml.util.ServiceLoaderUtil/CORE]: 	net.neoforged.fml.lowcodemod.LowCodeModLanguageProvider from loader-4.0.42.jar
[15Jan2026 17:32:44.301] [main/DEBUG] [net.neoforged.fml.util.ServiceLoaderUtil/CORE]: 	net.neoforged.fml.mclanguageprovider.MinecraftModLanguageProvider from loader-4.0.42.jar
[15Jan2026 17:32:44.302] [main/DEBUG] [net.neoforged.fml.loading.LanguageProviderLoader/CORE]: Found language provider javafml, version 4.0.42
[15Jan2026 17:32:44.303] [main/DEBUG] [net.neoforged.fml.loading.LanguageProviderLoader/CORE]: Found language provider lowcodefml, version 4.0.42
[15Jan2026 17:32:44.303] [main/DEBUG] [net.neoforged.fml.loading.LanguageProviderLoader/CORE]: Found language provider minecraft, version 4.0.42
[15Jan2026 17:32:44.432] [main/DEBUG] [net.neoforged.fml.loading.ModSorter/]: Configured system mods: [minecraft, neoforge]
[15Jan2026 17:32:44.433] [main/DEBUG] [net.neoforged.fml.loading.ModSorter/]: Found system mod: minecraft
[15Jan2026 17:32:44.433] [main/DEBUG] [net.neoforged.fml.loading.ModSorter/]: Found system mod: neoforge
[15Jan2026 17:32:44.435] [main/DEBUG] [net.neoforged.fml.loading.ModSorter/LOADING]: Found 4 mod requirements (4 mandatory, 0 optional)
[15Jan2026 17:32:44.435] [main/DEBUG] [net.neoforged.fml.loading.ModSorter/LOADING]: Found 0 mod requirements missing (0 mandatory, 0 optional)
[15Jan2026 17:32:44.556] [pool-2-thread-1/INFO] [EARLYDISPLAY/]: GL info: Apple M1 Pro GL version 4.1 Metal - 89.4, Apple
[15Jan2026 17:32:44.634] [main/DEBUG] [mixin/]: Adding mixin platform agents for container net.neoforged.fml.loading.mixin.FMLMixinContainerHandle@6a0ac48e
[15Jan2026 17:32:44.634] [main/DEBUG] [mixin/]: Instancing new MixinPlatformAgentMinecraftForge for net.neoforged.fml.loading.mixin.FMLMixinContainerHandle@6a0ac48e
[15Jan2026 17:32:44.634] [main/DEBUG] [mixin/]: MixinPlatformAgentMinecraftForge rejected container net.neoforged.fml.loading.mixin.FMLMixinContainerHandle@6a0ac48e
[15Jan2026 17:32:44.634] [main/DEBUG] [mixin/]: Instancing new MixinPlatformAgentDefault for net.neoforged.fml.loading.mixin.FMLMixinContainerHandle@6a0ac48e
[15Jan2026 17:32:44.634] [main/DEBUG] [mixin/]: MixinPlatformAgentDefault accepted container net.neoforged.fml.loading.mixin.FMLMixinContainerHandle@6a0ac48e
[15Jan2026 17:32:44.634] [main/DEBUG] [mixin/]: Instancing new FMLMixinPlatformAgent for net.neoforged.fml.loading.mixin.FMLMixinContainerHandle@6a0ac48e
[15Jan2026 17:32:44.635] [main/DEBUG] [mixin/]: FMLMixinPlatformAgent accepted container net.neoforged.fml.loading.mixin.FMLMixinContainerHandle@6a0ac48e
[15Jan2026 17:32:44.645] [main/DEBUG] [cpw.mods.modlauncher.TransformationServicesHandler/MODLAUNCHER]: Transformation services loading transformers
[15Jan2026 17:32:44.646] [main/DEBUG] [cpw.mods.modlauncher.TransformationServiceDecorator/MODLAUNCHER]: Initializing transformers for transformation service mixin
[15Jan2026 17:32:44.646] [main/DEBUG] [cpw.mods.modlauncher.TransformationServiceDecorator/MODLAUNCHER]: Initialized transformers for transformation service mixin
[15Jan2026 17:32:44.646] [main/DEBUG] [cpw.mods.modlauncher.TransformationServiceDecorator/MODLAUNCHER]: Initializing transformers for transformation service fml
[15Jan2026 17:32:44.646] [main/DEBUG] [net.neoforged.fml.loading.FMLServiceProvider/LOADING]: Loading coremod transformers
[15Jan2026 17:32:44.646] [main/DEBUG] [net.neoforged.fml.loading.FMLServiceProvider/CORE]: Not loading coremod script-engine since no mod requested it
[15Jan2026 17:32:44.647] [main/DEBUG] [net.neoforged.fml.util.ServiceLoaderUtil/CORE]: Found 1 implementations of ICoreMod:
[15Jan2026 17:32:44.648] [main/DEBUG] [net.neoforged.fml.util.ServiceLoaderUtil/CORE]: 	net.neoforged.neoforge.coremods.NeoForgeCoreMod from neoforge-21.1.211.jar > net.neoforged.neoforge-coremods-21.1.211.jar
[15Jan2026 17:32:44.653] [main/DEBUG] [net.neoforged.fml.loading.FMLServiceProvider/CORE]: Adding [Target[className=net.minecraft.world.level.biome.Biome, elementName=, elementDescriptor=, targetType=cpw.mods.modlauncher.api.TargetType@7e7b159b]] transformer from core-mod net.neoforged.neoforge.coremods.NeoForgeCoreMod@35835e65 in neoforge-21.1.211.jar > net.neoforged.neoforge-coremods-21.1.211.jar
[15Jan2026 17:32:44.653] [main/DEBUG] [net.neoforged.fml.loading.FMLServiceProvider/CORE]: Adding [Target[className=net.minecraft.world.level.levelgen.structure.Structure, elementName=, elementDescriptor=, targetType=cpw.mods.modlauncher.api.TargetType@7e7b159b]] transformer from core-mod net.neoforged.neoforge.coremods.NeoForgeCoreMod@35835e65 in neoforge-21.1.211.jar > net.neoforged.neoforge-coremods-21.1.211.jar
[15Jan2026 17:32:44.653] [main/DEBUG] [net.neoforged.fml.loading.FMLServiceProvider/CORE]: Adding [Target[className=net.minecraft.world.level.block.FlowerPotBlock, elementName=, elementDescriptor=, targetType=cpw.mods.modlauncher.api.TargetType@7e7b159b]] transformer from core-mod net.neoforged.neoforge.coremods.NeoForgeCoreMod@35835e65 in neoforge-21.1.211.jar > net.neoforged.neoforge-coremods-21.1.211.jar
[15Jan2026 17:32:44.653] [main/DEBUG] [net.neoforged.fml.loading.FMLServiceProvider/CORE]: Adding [Target[className=net/minecraft/world/entity/ai/village/VillageSiege, elementName=, elementDescriptor=, targetType=cpw.mods.modlauncher.api.TargetType@7e7b159b], Target[className=net/minecraft/server/commands/RaidCommand, elementName=, elementDescriptor=, targetType=cpw.mods.modlauncher.api.TargetType@7e7b159b], Target[className=net/minecraft/world/level/levelgen/PhantomSpawner, elementName=, elementDescriptor=, targetType=cpw.mods.modlauncher.api.TargetType@7e7b159b], Target[className=net/minecraft/world/entity/monster/Evoker$EvokerSummonSpellGoal, elementName=, elementDescriptor=, targetType=cpw.mods.modlauncher.api.TargetType@7e7b159b], Target[className=net/minecraft/world/level/levelgen/PatrolSpawner, elementName=, elementDescriptor=, targetType=cpw.mods.modlauncher.api.TargetType@7e7b159b], Target[className=net/minecraft/world/level/levelgen/structure/structures/SwampHutPiece, elementName=, elementDescriptor=, targetType=cpw.mods.modlauncher.api.TargetType@7e7b159b], Target[className=net/minecraft/world/level/levelgen/structure/structures/OceanRuinPieces$OceanRuinPiece, elementName=, elementDescriptor=, targetType=cpw.mods.modlauncher.api.TargetType@7e7b159b], Target[className=net/minecraft/world/entity/EntityType, elementName=, elementDescriptor=, targetType=cpw.mods.modlauncher.api.TargetType@7e7b159b], Target[className=net/minecraft/world/entity/monster/Strider, elementName=, elementDescriptor=, targetType=cpw.mods.modlauncher.api.TargetType@7e7b159b], Target[className=net/minecraft/world/entity/raid/Raid, elementName=, elementDescriptor=, targetType=cpw.mods.modlauncher.api.TargetType@7e7b159b], Target[className=net/minecraft/world/level/levelgen/structure/templatesystem/StructureTemplate, elementName=, elementDescriptor=, targetType=cpw.mods.modlauncher.api.TargetType@7e7b159b], Target[className=net/minecraft/world/entity/npc/Villager, elementName=, elementDescriptor=, targetType=cpw.mods.modlauncher.api.TargetType@7e7b159b], Target[className=net/minecraft/world/entity/animal/frog/Tadpole, elementName=, elementDescriptor=, targetType=cpw.mods.modlauncher.api.TargetType@7e7b159b], Target[className=net/minecraft/world/entity/animal/horse/SkeletonTrapGoal, elementName=, elementDescriptor=, targetType=cpw.mods.modlauncher.api.TargetType@7e7b159b], Target[className=net/minecraft/world/entity/npc/CatSpawner, elementName=, elementDescriptor=, targetType=cpw.mods.modlauncher.api.TargetType@7e7b159b], Target[className=net/minecraft/server/commands/SummonCommand, elementName=, elementDescriptor=, targetType=cpw.mods.modlauncher.api.TargetType@7e7b159b], Target[className=net/minecraft/world/level/levelgen/structure/structures/OceanMonumentPieces$OceanMonumentPiece, elementName=, elementDescriptor=, targetType=cpw.mods.modlauncher.api.TargetType@7e7b159b], Target[className=net/minecraft/world/level/levelgen/structure/structures/WoodlandMansionPieces$WoodlandMansionPiece, elementName=, elementDescriptor=, targetType=cpw.mods.modlauncher.api.TargetType@7e7b159b], Target[className=net/minecraft/world/entity/monster/ZombieVillager, elementName=, elementDescriptor=, targetType=cpw.mods.modlauncher.api.TargetType@7e7b159b], Target[className=net/minecraft/world/entity/monster/Zombie, elementName=, elementDescriptor=, targetType=cpw.mods.modlauncher.api.TargetType@7e7b159b], Target[className=net/minecraft/world/level/NaturalSpawner, elementName=, elementDescriptor=, targetType=cpw.mods.modlauncher.api.TargetType@7e7b159b], Target[className=net/minecraft/world/entity/monster/Spider, elementName=, elementDescriptor=, targetType=cpw.mods.modlauncher.api.TargetType@7e7b159b]] transformer from core-mod net.neoforged.neoforge.coremods.NeoForgeCoreMod@35835e65 in neoforge-21.1.211.jar > net.neoforged.neoforge-coremods-21.1.211.jar
[15Jan2026 17:32:44.655] [main/DEBUG] [cpw.mods.modlauncher.TransformStore/MODLAUNCHER]: Adding transformer net.neoforged.neoforge.coremods.ReplaceFieldWithGetterAccess@2c43eb8 to Target : cpw.mods.modlauncher.api.TargetType@7e7b159b {Lnet/minecraft/world/level/biome/Biome;} {} {V}
[15Jan2026 17:32:44.656] [main/DEBUG] [cpw.mods.modlauncher.TransformStore/MODLAUNCHER]: Adding transformer net.neoforged.neoforge.coremods.ReplaceFieldWithGetterAccess@67440de6 to Target : cpw.mods.modlauncher.api.TargetType@7e7b159b {Lnet/minecraft/world/level/levelgen/structure/Structure;} {} {V}
[15Jan2026 17:32:44.656] [main/DEBUG] [cpw.mods.modlauncher.TransformStore/MODLAUNCHER]: Adding transformer net.neoforged.neoforge.coremods.ReplaceFieldWithGetterAccess@889d9e8 to Target : cpw.mods.modlauncher.api.TargetType@7e7b159b {Lnet/minecraft/world/level/block/FlowerPotBlock;} {} {V}
[15Jan2026 17:32:44.656] [main/DEBUG] [cpw.mods.modlauncher.TransformStore/MODLAUNCHER]: Adding transformer net.neoforged.neoforge.coremods.MethodRedirector@5246a3b3 to Target : cpw.mods.modlauncher.api.TargetType@7e7b159b {Lnet/minecraft/world/entity/ai/village/VillageSiege;} {} {V}
[15Jan2026 17:32:44.656] [main/DEBUG] [cpw.mods.modlauncher.TransformStore/MODLAUNCHER]: Adding transformer net.neoforged.neoforge.coremods.MethodRedirector@5246a3b3 to Target : cpw.mods.modlauncher.api.TargetType@7e7b159b {Lnet/minecraft/server/commands/RaidCommand;} {} {V}
[15Jan2026 17:32:44.657] [main/DEBUG] [cpw.mods.modlauncher.TransformStore/MODLAUNCHER]: Adding transformer net.neoforged.neoforge.coremods.MethodRedirector@5246a3b3 to Target : cpw.mods.modlauncher.api.TargetType@7e7b159b {Lnet/minecraft/world/level/levelgen/PhantomSpawner;} {} {V}
[15Jan2026 17:32:44.657] [main/DEBUG] [cpw.mods.modlauncher.TransformStore/MODLAUNCHER]: Adding transformer net.neoforged.neoforge.coremods.MethodRedirector@5246a3b3 to Target : cpw.mods.modlauncher.api.TargetType@7e7b159b {Lnet/minecraft/world/entity/monster/Evoker$EvokerSummonSpellGoal;} {} {V}
[15Jan2026 17:32:44.657] [main/DEBUG] [cpw.mods.modlauncher.TransformStore/MODLAUNCHER]: Adding transformer net.neoforged.neoforge.coremods.MethodRedirector@5246a3b3 to Target : cpw.mods.modlauncher.api.TargetType@7e7b159b {Lnet/minecraft/world/level/levelgen/PatrolSpawner;} {} {V}
[15Jan2026 17:32:44.657] [main/DEBUG] [cpw.mods.modlauncher.TransformStore/MODLAUNCHER]: Adding transformer net.neoforged.neoforge.coremods.MethodRedirector@5246a3b3 to Target : cpw.mods.modlauncher.api.TargetType@7e7b159b {Lnet/minecraft/world/level/levelgen/structure/structures/SwampHutPiece;} {} {V}
[15Jan2026 17:32:44.657] [main/DEBUG] [cpw.mods.modlauncher.TransformStore/MODLAUNCHER]: Adding transformer net.neoforged.neoforge.coremods.MethodRedirector@5246a3b3 to Target : cpw.mods.modlauncher.api.TargetType@7e7b159b {Lnet/minecraft/world/level/levelgen/structure/structures/OceanRuinPieces$OceanRuinPiece;} {} {V}
[15Jan2026 17:32:44.657] [main/DEBUG] [cpw.mods.modlauncher.TransformStore/MODLAUNCHER]: Adding transformer net.neoforged.neoforge.coremods.MethodRedirector@5246a3b3 to Target : cpw.mods.modlauncher.api.TargetType@7e7b159b {Lnet/minecraft/world/entity/EntityType;} {} {V}
[15Jan2026 17:32:44.657] [main/DEBUG] [cpw.mods.modlauncher.TransformStore/MODLAUNCHER]: Adding transformer net.neoforged.neoforge.coremods.MethodRedirector@5246a3b3 to Target : cpw.mods.modlauncher.api.TargetType@7e7b159b {Lnet/minecraft/world/entity/monster/Strider;} {} {V}
[15Jan2026 17:32:44.657] [main/DEBUG] [cpw.mods.modlauncher.TransformStore/MODLAUNCHER]: Adding transformer net.neoforged.neoforge.coremods.MethodRedirector@5246a3b3 to Target : cpw.mods.modlauncher.api.TargetType@7e7b159b {Lnet/minecraft/world/entity/raid/Raid;} {} {V}
[15Jan2026 17:32:44.658] [main/DEBUG] [cpw.mods.modlauncher.TransformStore/MODLAUNCHER]: Adding transformer net.neoforged.neoforge.coremods.MethodRedirector@5246a3b3 to Target : cpw.mods.modlauncher.api.TargetType@7e7b159b {Lnet/minecraft/world/level/levelgen/structure/templatesystem/StructureTemplate;} {} {V}
[15Jan2026 17:32:44.658] [main/DEBUG] [cpw.mods.modlauncher.TransformStore/MODLAUNCHER]: Adding transformer net.neoforged.neoforge.coremods.MethodRedirector@5246a3b3 to Target : cpw.mods.modlauncher.api.TargetType@7e7b159b {Lnet/minecraft/world/entity/npc/Villager;} {} {V}
[15Jan2026 17:32:44.658] [main/DEBUG] [cpw.mods.modlauncher.TransformStore/MODLAUNCHER]: Adding transformer net.neoforged.neoforge.coremods.MethodRedirector@5246a3b3 to Target : cpw.mods.modlauncher.api.TargetType@7e7b159b {Lnet/minecraft/world/entity/animal/frog/Tadpole;} {} {V}
[15Jan2026 17:32:44.658] [main/DEBUG] [cpw.mods.modlauncher.TransformStore/MODLAUNCHER]: Adding transformer net.neoforged.neoforge.coremods.MethodRedirector@5246a3b3 to Target : cpw.mods.modlauncher.api.TargetType@7e7b159b {Lnet/minecraft/world/entity/animal/horse/SkeletonTrapGoal;} {} {V}
[15Jan2026 17:32:44.658] [main/DEBUG] [cpw.mods.modlauncher.TransformStore/MODLAUNCHER]: Adding transformer net.neoforged.neoforge.coremods.MethodRedirector@5246a3b3 to Target : cpw.mods.modlauncher.api.TargetType@7e7b159b {Lnet/minecraft/world/entity/npc/CatSpawner;} {} {V}
[15Jan2026 17:32:44.658] [main/DEBUG] [cpw.mods.modlauncher.TransformStore/MODLAUNCHER]: Adding transformer net.neoforged.neoforge.coremods.MethodRedirector@5246a3b3 to Target : cpw.mods.modlauncher.api.TargetType@7e7b159b {Lnet/minecraft/server/commands/SummonCommand;} {} {V}
[15Jan2026 17:32:44.658] [main/DEBUG] [cpw.mods.modlauncher.TransformStore/MODLAUNCHER]: Adding transformer net.neoforged.neoforge.coremods.MethodRedirector@5246a3b3 to Target : cpw.mods.modlauncher.api.TargetType@7e7b159b {Lnet/minecraft/world/level/levelgen/structure/structures/OceanMonumentPieces$OceanMonumentPiece;} {} {V}
[15Jan2026 17:32:44.658] [main/DEBUG] [cpw.mods.modlauncher.TransformStore/MODLAUNCHER]: Adding transformer net.neoforged.neoforge.coremods.MethodRedirector@5246a3b3 to Target : cpw.mods.modlauncher.api.TargetType@7e7b159b {Lnet/minecraft/world/level/levelgen/structure/structures/WoodlandMansionPieces$WoodlandMansionPiece;} {} {V}
[15Jan2026 17:32:44.658] [main/DEBUG] [cpw.mods.modlauncher.TransformStore/MODLAUNCHER]: Adding transformer net.neoforged.neoforge.coremods.MethodRedirector@5246a3b3 to Target : cpw.mods.modlauncher.api.TargetType@7e7b159b {Lnet/minecraft/world/entity/monster/ZombieVillager;} {} {V}
[15Jan2026 17:32:44.658] [main/DEBUG] [cpw.mods.modlauncher.TransformStore/MODLAUNCHER]: Adding transformer net.neoforged.neoforge.coremods.MethodRedirector@5246a3b3 to Target : cpw.mods.modlauncher.api.TargetType@7e7b159b {Lnet/minecraft/world/entity/monster/Zombie;} {} {V}
[15Jan2026 17:32:44.658] [main/DEBUG] [cpw.mods.modlauncher.TransformStore/MODLAUNCHER]: Adding transformer net.neoforged.neoforge.coremods.MethodRedirector@5246a3b3 to Target : cpw.mods.modlauncher.api.TargetType@7e7b159b {Lnet/minecraft/world/level/NaturalSpawner;} {} {V}
[15Jan2026 17:32:44.658] [main/DEBUG] [cpw.mods.modlauncher.TransformStore/MODLAUNCHER]: Adding transformer net.neoforged.neoforge.coremods.MethodRedirector@5246a3b3 to Target : cpw.mods.modlauncher.api.TargetType@7e7b159b {Lnet/minecraft/world/entity/monster/Spider;} {} {V}
[15Jan2026 17:32:44.658] [main/DEBUG] [cpw.mods.modlauncher.TransformationServiceDecorator/MODLAUNCHER]: Initialized transformers for transformation service fml
[15Jan2026 17:32:44.926] [main/DEBUG] [mixin/]: Processing prepare() for PlatformAgent[MixinPlatformAgentDefault:ModLauncher Root Container(ModLauncher:4f56a0a2)]
[15Jan2026 17:32:44.927] [main/DEBUG] [mixin/]: Processing prepare() for PlatformAgent[MixinPlatformAgentDefault:net.neoforged.fml.loading.mixin.FMLMixinContainerHandle@6a0ac48e]
[15Jan2026 17:32:44.927] [main/DEBUG] [mixin/]: Processing prepare() for PlatformAgent[FMLMixinPlatformAgent:null]
[15Jan2026 17:32:44.947] [main/DEBUG] [mixin/]: Compatibility level JAVA_21 specified by central_heater.mixins.json is higher than the maximum level supported by this version of mixin (JAVA_13).
[15Jan2026 17:32:44.950] [main/INFO] [mixin/]: Compatibility level set to JAVA_21
[15Jan2026 17:32:44.950] [main/DEBUG] [mixin/]: Processing launch tasks for PlatformAgent[MixinPlatformAgentDefault:ModLauncher Root Container(ModLauncher:4f56a0a2)]
[15Jan2026 17:32:44.950] [main/DEBUG] [mixin/]: Adding mixin platform agents for container SecureJarResource(mixin_synthetic)
[15Jan2026 17:32:44.950] [main/DEBUG] [mixin/]: Instancing new MixinPlatformAgentMinecraftForge for SecureJarResource(mixin_synthetic)
[15Jan2026 17:32:44.950] [main/DEBUG] [mixin/]: MixinPlatformAgentMinecraftForge rejected container SecureJarResource(mixin_synthetic)
[15Jan2026 17:32:44.950] [main/DEBUG] [mixin/]: Instancing new MixinPlatformAgentDefault for SecureJarResource(mixin_synthetic)
[15Jan2026 17:32:44.950] [main/DEBUG] [mixin/]: MixinPlatformAgentDefault accepted container SecureJarResource(mixin_synthetic)
[15Jan2026 17:32:44.950] [main/DEBUG] [mixin/]: Instancing new FMLMixinPlatformAgent for SecureJarResource(mixin_synthetic)
[15Jan2026 17:32:44.951] [main/DEBUG] [mixin/]: FMLMixinPlatformAgent rejected container SecureJarResource(mixin_synthetic)
[15Jan2026 17:32:44.951] [main/DEBUG] [mixin/]: Processing prepare() for PlatformAgent[MixinPlatformAgentDefault:SecureJarResource(mixin_synthetic)]
[15Jan2026 17:32:44.951] [main/DEBUG] [mixin/]: Adding mixin platform agents for container SecureJarResource(minecraft)
[15Jan2026 17:32:44.951] [main/DEBUG] [mixin/]: Instancing new MixinPlatformAgentMinecraftForge for SecureJarResource(minecraft)
[15Jan2026 17:32:44.951] [main/DEBUG] [mixin/]: MixinPlatformAgentMinecraftForge rejected container SecureJarResource(minecraft)
[15Jan2026 17:32:44.951] [main/DEBUG] [mixin/]: Instancing new MixinPlatformAgentDefault for SecureJarResource(minecraft)
[15Jan2026 17:32:44.951] [main/DEBUG] [mixin/]: MixinPlatformAgentDefault accepted container SecureJarResource(minecraft)
[15Jan2026 17:32:44.951] [main/DEBUG] [mixin/]: Instancing new FMLMixinPlatformAgent for SecureJarResource(minecraft)
[15Jan2026 17:32:44.951] [main/DEBUG] [mixin/]: FMLMixinPlatformAgent rejected container SecureJarResource(minecraft)
[15Jan2026 17:32:44.951] [main/DEBUG] [mixin/]: Processing prepare() for PlatformAgent[MixinPlatformAgentDefault:SecureJarResource(minecraft)]
[15Jan2026 17:32:44.951] [main/DEBUG] [mixin/]: Adding mixin platform agents for container SecureJarResource(central_heater)
[15Jan2026 17:32:44.951] [main/DEBUG] [mixin/]: Instancing new MixinPlatformAgentMinecraftForge for SecureJarResource(central_heater)
[15Jan2026 17:32:44.951] [main/DEBUG] [mixin/]: MixinPlatformAgentMinecraftForge rejected container SecureJarResource(central_heater)
[15Jan2026 17:32:44.951] [main/DEBUG] [mixin/]: Instancing new MixinPlatformAgentDefault for SecureJarResource(central_heater)
[15Jan2026 17:32:44.951] [main/DEBUG] [mixin/]: MixinPlatformAgentDefault accepted container SecureJarResource(central_heater)
[15Jan2026 17:32:44.951] [main/DEBUG] [mixin/]: Instancing new FMLMixinPlatformAgent for SecureJarResource(central_heater)
[15Jan2026 17:32:44.951] [main/DEBUG] [mixin/]: FMLMixinPlatformAgent rejected container SecureJarResource(central_heater)
[15Jan2026 17:32:44.951] [main/DEBUG] [mixin/]: Processing prepare() for PlatformAgent[MixinPlatformAgentDefault:SecureJarResource(central_heater)]
[15Jan2026 17:32:44.951] [main/DEBUG] [mixin/]: Adding mixin platform agents for container SecureJarResource(jei)
[15Jan2026 17:32:44.952] [main/DEBUG] [mixin/]: Instancing new MixinPlatformAgentMinecraftForge for SecureJarResource(jei)
[15Jan2026 17:32:44.952] [main/DEBUG] [mixin/]: MixinPlatformAgentMinecraftForge rejected container SecureJarResource(jei)
[15Jan2026 17:32:44.952] [main/DEBUG] [mixin/]: Instancing new MixinPlatformAgentDefault for SecureJarResource(jei)
[15Jan2026 17:32:44.952] [main/DEBUG] [mixin/]: MixinPlatformAgentDefault accepted container SecureJarResource(jei)
[15Jan2026 17:32:44.952] [main/DEBUG] [mixin/]: Instancing new FMLMixinPlatformAgent for SecureJarResource(jei)
[15Jan2026 17:32:44.952] [main/DEBUG] [mixin/]: FMLMixinPlatformAgent rejected container SecureJarResource(jei)
[15Jan2026 17:32:44.952] [main/DEBUG] [mixin/]: Processing prepare() for PlatformAgent[MixinPlatformAgentDefault:SecureJarResource(jei)]
[15Jan2026 17:32:44.952] [main/DEBUG] [mixin/]: Adding mixin platform agents for container SecureJarResource(mixinextras.neoforge)
[15Jan2026 17:32:44.952] [main/DEBUG] [mixin/]: Instancing new MixinPlatformAgentMinecraftForge for SecureJarResource(mixinextras.neoforge)
[15Jan2026 17:32:44.952] [main/DEBUG] [mixin/]: MixinPlatformAgentMinecraftForge rejected container SecureJarResource(mixinextras.neoforge)
[15Jan2026 17:32:44.952] [main/DEBUG] [mixin/]: Instancing new MixinPlatformAgentDefault for SecureJarResource(mixinextras.neoforge)
[15Jan2026 17:32:44.952] [main/DEBUG] [mixin/]: MixinPlatformAgentDefault accepted container SecureJarResource(mixinextras.neoforge)
[15Jan2026 17:32:44.952] [main/DEBUG] [mixin/]: Instancing new FMLMixinPlatformAgent for SecureJarResource(mixinextras.neoforge)
[15Jan2026 17:32:44.952] [main/DEBUG] [mixin/]: FMLMixinPlatformAgent rejected container SecureJarResource(mixinextras.neoforge)
[15Jan2026 17:32:44.952] [main/DEBUG] [mixin/]: Processing prepare() for PlatformAgent[MixinPlatformAgentDefault:SecureJarResource(mixinextras.neoforge)]
[15Jan2026 17:32:44.952] [main/DEBUG] [mixin/]: Registering mixin config: mixinextras.init.mixins.json source=SecureJarResource(mixinextras.neoforge)
[15Jan2026 17:32:44.953] [main/DEBUG] [mixin/]: inject() running with 7 agents
[15Jan2026 17:32:44.953] [main/DEBUG] [mixin/]: Processing inject() for PlatformAgent[MixinPlatformAgentDefault:ModLauncher Root Container(ModLauncher:4f56a0a2)]
[15Jan2026 17:32:44.953] [main/DEBUG] [mixin/]: Processing inject() for PlatformAgent[MixinPlatformAgentDefault:net.neoforged.fml.loading.mixin.FMLMixinContainerHandle@6a0ac48e]
[15Jan2026 17:32:44.954] [main/DEBUG] [mixin/]: Processing inject() for PlatformAgent[FMLMixinPlatformAgent:null]
[15Jan2026 17:32:44.954] [main/DEBUG] [mixin/]: Processing inject() for PlatformAgent[MixinPlatformAgentDefault:SecureJarResource(mixin_synthetic)]
[15Jan2026 17:32:44.954] [main/DEBUG] [mixin/]: Processing inject() for PlatformAgent[MixinPlatformAgentDefault:SecureJarResource(minecraft)]
[15Jan2026 17:32:44.954] [main/DEBUG] [mixin/]: Processing inject() for PlatformAgent[MixinPlatformAgentDefault:SecureJarResource(central_heater)]
[15Jan2026 17:32:44.954] [main/DEBUG] [mixin/]: Processing inject() for PlatformAgent[MixinPlatformAgentDefault:SecureJarResource(jei)]
[15Jan2026 17:32:44.954] [main/DEBUG] [mixin/]: Processing inject() for PlatformAgent[MixinPlatformAgentDefault:SecureJarResource(mixinextras.neoforge)]
[15Jan2026 17:32:44.954] [main/INFO] [cpw.mods.modlauncher.LaunchServiceHandler/MODLAUNCHER]: Launching target 'forgeclientdev' with arguments [--version, 21.1.211, --gameDir, ., --assetsDir, /Users/fengyue.john.zhu/.gradle/caches/neoformruntime/assets, --assetIndex, 17]
[15Jan2026 17:32:44.970] [main/DEBUG] [mixin/]: Preparing mixins for MixinEnvironment[DEFAULT]
[15Jan2026 17:32:44.970] [main/DEBUG] [mixin/]: Selecting config neoforge.mixins.json
[15Jan2026 17:32:44.972] [main/DEBUG] [mixin/]: Selecting config central_heater.mixins.json
[15Jan2026 17:32:44.972] [main/DEBUG] [mixin/]: Selecting config mixinextras.init.mixins.json
[15Jan2026 17:32:44.993] [main/DEBUG] [MixinExtras|Service/]: com.llamalad7.mixinextras.service.MixinExtrasServiceImpl(version=0.5.0) is taking over from null
[15Jan2026 17:32:45.005] [main/DEBUG] [mixin/]: Registering new injector for @Inject with org.spongepowered.asm.mixin.injection.struct.CallbackInjectionInfo
[15Jan2026 17:32:45.006] [main/DEBUG] [mixin/]: Registering new injector for @ModifyArg with org.spongepowered.asm.mixin.injection.struct.ModifyArgInjectionInfo
[15Jan2026 17:32:45.007] [main/DEBUG] [mixin/]: Registering new injector for @ModifyArgs with org.spongepowered.asm.mixin.injection.struct.ModifyArgsInjectionInfo
[15Jan2026 17:32:45.007] [main/DEBUG] [mixin/]: Registering new injector for @Redirect with org.spongepowered.asm.mixin.injection.struct.RedirectInjectionInfo
[15Jan2026 17:32:45.008] [main/DEBUG] [mixin/]: Registering new injector for @ModifyVariable with org.spongepowered.asm.mixin.injection.struct.ModifyVariableInjectionInfo
[15Jan2026 17:32:45.008] [main/DEBUG] [mixin/]: Registering new injector for @ModifyConstant with org.spongepowered.asm.mixin.injection.struct.ModifyConstantInjectionInfo
[15Jan2026 17:32:45.013] [main/DEBUG] [mixin/]: Preparing neoforge.mixins.json (2)
[15Jan2026 17:32:45.032] [main/DEBUG] [mixin/]: Preparing central_heater.mixins.json (10)
[15Jan2026 17:32:45.047] [main/DEBUG] [mixin/]: Preparing mixinextras.init.mixins.json (0)
[15Jan2026 17:32:45.158] [main/DEBUG] [io.netty.util.internal.logging.InternalLoggerFactory/]: Using SLF4J as the default logging framework
[15Jan2026 17:32:45.160] [main/DEBUG] [io.netty.util.ResourceLeakDetector/]: -Dio.netty.leakDetection.level: simple
[15Jan2026 17:32:45.160] [main/DEBUG] [io.netty.util.ResourceLeakDetector/]: -Dio.netty.leakDetection.targetRecords: 4
[15Jan2026 17:32:45.629] [main/DEBUG] [oshi.util.FileUtil/]: No oshi.properties file found from ClassLoader cpw.mods.modlauncher.TransformingClassLoader@7f8633ae
[15Jan2026 17:32:45.788] [Datafixer Bootstrap/INFO] [com.mojang.datafixers.DataFixerBuilder/]: 229 Datafixer optimizations took 174 milliseconds
[15Jan2026 17:32:46.519] [main/DEBUG] [oshi.util.FileUtil/]: No oshi.architecture.properties file found from ClassLoader cpw.mods.modlauncher.TransformingClassLoader@7f8633ae
[15Jan2026 17:32:46.871] [pool-8-thread-1/INFO] [MixinExtras|Service/]: Initializing MixinExtras via com.llamalad7.mixinextras.service.MixinExtrasServiceImpl(version=0.5.0).
[15Jan2026 17:32:46.872] [pool-8-thread-1/DEBUG] [mixin/]: Registering new injector for @SugarWrapper with com.llamalad7.mixinextras.sugar.impl.SugarWrapperInjectionInfo
[15Jan2026 17:32:46.872] [pool-8-thread-1/DEBUG] [mixin/]: Registering new injector for @FactoryRedirectWrapper with com.llamalad7.mixinextras.wrapper.factory.FactoryRedirectWrapperInjectionInfo
[15Jan2026 17:32:46.872] [pool-8-thread-1/DEBUG] [mixin/]: Registering new injector for @ExpressionInjectorWrapper with com.llamalad7.mixinextras.expression.impl.wrapper.ExpressionInjectorWrapperInjectionInfo
[15Jan2026 17:32:46.877] [pool-8-thread-1/DEBUG] [mixin/]: Mixing MappedRegistryAccessor from neoforge.mixins.json into net.minecraft.core.MappedRegistry
[15Jan2026 17:32:46.878] [pool-8-thread-1/DEBUG] [mixin/]: neoforge.mixins.json:MappedRegistryAccessor from mod neoforge: Class version 65 required is higher than the class version supported by the current version of Mixin (JAVA_16 supports class version 60)
[15Jan2026 17:32:46.934] [pool-8-thread-1/DEBUG] [mixin/]: Mixing FireBlockMixin from central_heater.mixins.json into net.minecraft.world.level.block.FireBlock
[15Jan2026 17:32:47.023] [pool-8-thread-1/DEBUG] [mixin/]: central_heater.mixins.json:FireBlockMixin from mod central_heater->@Inject::onBurnBlock(Lnet/minecraft/world/level/Level;Lnet/minecraft/core/BlockPos;ILnet/minecraft/util/RandomSource;ILnet/minecraft/core/Direction;Lorg/spongepowered/asm/mixin/injection/callback/CallbackInfo;)V does use it's CallbackInfo
[15Jan2026 17:32:47.077] [pool-8-thread-1/DEBUG] [mixin/]: Mixing ItemEntityMixin from central_heater.mixins.json into net.minecraft.world.entity.item.ItemEntity
[15Jan2026 17:32:47.098] [pool-8-thread-1/DEBUG] [mixin/]: central_heater.mixins.json:ItemEntityMixin from mod central_heater->@Inject::onBurned(Lnet/minecraft/world/damagesource/DamageSource;FLorg/spongepowered/asm/mixin/injection/callback/CallbackInfoReturnable;)V doesn't use it's CallbackInfoReturnable
[15Jan2026 17:32:47.098] [pool-8-thread-1/DEBUG] [mixin/]: central_heater.mixins.json:ItemEntityMixin from mod central_heater->@Inject::onBurned(Lnet/minecraft/world/damagesource/DamageSource;FLorg/spongepowered/asm/mixin/injection/callback/CallbackInfoReturnable;)V has 0 override(s) in child classes
[15Jan2026 17:32:47.098] [pool-8-thread-1/DEBUG] [mixin/]: central_heater.mixins.json:ItemEntityMixin from mod central_heater->@Inject::onBurned(Lnet/minecraft/world/damagesource/DamageSource;FLorg/spongepowered/asm/mixin/injection/callback/CallbackInfoReturnable;)V won't be passed a CallbackInfoReturnable as a result
[15Jan2026 17:32:47.264] [pool-8-thread-1/DEBUG] [mixin/]: Mixing AbstractFurnaceBlockMixin from central_heater.mixins.json into net.minecraft.world.level.block.AbstractFurnaceBlock
[15Jan2026 17:32:47.267] [pool-8-thread-1/DEBUG] [mixin/]: central_heater.mixins.json:AbstractFurnaceBlockMixin from mod central_heater->@Inject::central_heater$dropAshOnBreak(Lnet/minecraft/world/level/block/state/BlockState;Lnet/minecraft/world/level/Level;Lnet/minecraft/core/BlockPos;Lnet/minecraft/world/level/block/state/BlockState;ZLorg/spongepowered/asm/mixin/injection/callback/CallbackInfo;)V doesn't use it's CallbackInfo
[15Jan2026 17:32:47.267] [pool-8-thread-1/DEBUG] [mixin/]: central_heater.mixins.json:AbstractFurnaceBlockMixin from mod central_heater->@Inject::central_heater$dropAshOnBreak(Lnet/minecraft/world/level/block/state/BlockState;Lnet/minecraft/world/level/Level;Lnet/minecraft/core/BlockPos;Lnet/minecraft/world/level/block/state/BlockState;ZLorg/spongepowered/asm/mixin/injection/callback/CallbackInfo;)V has 0 override(s) in child classes
[15Jan2026 17:32:47.267] [pool-8-thread-1/DEBUG] [mixin/]: central_heater.mixins.json:AbstractFurnaceBlockMixin from mod central_heater->@Inject::central_heater$dropAshOnBreak(Lnet/minecraft/world/level/block/state/BlockState;Lnet/minecraft/world/level/Level;Lnet/minecraft/core/BlockPos;Lnet/minecraft/world/level/block/state/BlockState;ZLorg/spongepowered/asm/mixin/injection/callback/CallbackInfo;)V won't be passed a CallbackInfo as a result
[15Jan2026 17:32:47.322] [pool-8-thread-1/DEBUG] [mixin/]: Mixing CampFireBlockMixin from central_heater.mixins.json into net.minecraft.world.level.block.CampfireBlock
[15Jan2026 17:32:47.323] [pool-8-thread-1/DEBUG] [mixin/]: Renaming synthetic method lambda$useItemOn$0(Lnet/minecraft/world/item/Item;)V to md749b74$central_heater$lambda$useItemOn$0$0 in central_heater.mixins.json:CampFireBlockMixin from mod central_heater
[15Jan2026 17:32:47.654] [pool-8-thread-1/DEBUG] [mixin/]: Mixing BlockEntityTypeAccessor from neoforge.mixins.json into net.minecraft.world.level.block.entity.BlockEntityType
[15Jan2026 17:32:47.655] [pool-8-thread-1/DEBUG] [mixin/]: neoforge.mixins.json:BlockEntityTypeAccessor from mod neoforge: Class version 65 required is higher than the class version supported by the current version of Mixin (JAVA_16 supports class version 60)
[15Jan2026 17:32:47.696] [pool-8-thread-1/DEBUG] [mixin/]: Mixing AbstractFurnaceBlockEntityAccessor from central_heater.mixins.json into net.minecraft.world.level.block.entity.AbstractFurnaceBlockEntity
[15Jan2026 17:32:47.696] [pool-8-thread-1/DEBUG] [mixin/]: Mixing AbstractFurnaceBlockEntityMixin from central_heater.mixins.json into net.minecraft.world.level.block.entity.AbstractFurnaceBlockEntity
[15Jan2026 17:32:47.713] [pool-8-thread-1/WARN] [mixin/]: @Inject(@At("INVOKE")) Shift.BY=2 on central_heater.mixins.json:AbstractFurnaceBlockEntityMixin from mod central_heater::handler$zzg000$central_heater$tickAsh exceeds the maximum allowed value: 0. Increase the value of maxShiftBy to suppress this warning.
[15Jan2026 17:32:47.719] [pool-8-thread-1/DEBUG] [mixin/]: central_heater.mixins.json:AbstractFurnaceBlockEntityMixin from mod central_heater->@Inject::central_heater$saveAsh(Lnet/minecraft/nbt/CompoundTag;Lnet/minecraft/core/HolderLookup$Provider;Lorg/spongepowered/asm/mixin/injection/callback/CallbackInfo;)V doesn't use it's CallbackInfo
[15Jan2026 17:32:47.719] [pool-8-thread-1/DEBUG] [mixin/]: central_heater.mixins.json:AbstractFurnaceBlockEntityMixin from mod central_heater->@Inject::central_heater$saveAsh(Lnet/minecraft/nbt/CompoundTag;Lnet/minecraft/core/HolderLookup$Provider;Lorg/spongepowered/asm/mixin/injection/callback/CallbackInfo;)V has 0 override(s) in child classes
[15Jan2026 17:32:47.719] [pool-8-thread-1/DEBUG] [mixin/]: central_heater.mixins.json:AbstractFurnaceBlockEntityMixin from mod central_heater->@Inject::central_heater$saveAsh(Lnet/minecraft/nbt/CompoundTag;Lnet/minecraft/core/HolderLookup$Provider;Lorg/spongepowered/asm/mixin/injection/callback/CallbackInfo;)V won't be passed a CallbackInfo as a result
[15Jan2026 17:32:47.719] [pool-8-thread-1/DEBUG] [mixin/]: central_heater.mixins.json:AbstractFurnaceBlockEntityMixin from mod central_heater->@Inject::central_heater$loadAsh(Lnet/minecraft/nbt/CompoundTag;Lnet/minecraft/core/HolderLookup$Provider;Lorg/spongepowered/asm/mixin/injection/callback/CallbackInfo;)V doesn't use it's CallbackInfo
[15Jan2026 17:32:47.719] [pool-8-thread-1/DEBUG] [mixin/]: central_heater.mixins.json:AbstractFurnaceBlockEntityMixin from mod central_heater->@Inject::central_heater$loadAsh(Lnet/minecraft/nbt/CompoundTag;Lnet/minecraft/core/HolderLookup$Provider;Lorg/spongepowered/asm/mixin/injection/callback/CallbackInfo;)V has 0 override(s) in child classes
[15Jan2026 17:32:47.719] [pool-8-thread-1/DEBUG] [mixin/]: central_heater.mixins.json:AbstractFurnaceBlockEntityMixin from mod central_heater->@Inject::central_heater$loadAsh(Lnet/minecraft/nbt/CompoundTag;Lnet/minecraft/core/HolderLookup$Provider;Lorg/spongepowered/asm/mixin/injection/callback/CallbackInfo;)V won't be passed a CallbackInfo as a result
[15Jan2026 17:32:47.719] [pool-8-thread-1/DEBUG] [mixin/]: central_heater.mixins.json:AbstractFurnaceBlockEntityMixin from mod central_heater->@Inject::central_heater$tickAsh(Lnet/minecraft/world/level/Level;Lnet/minecraft/core/BlockPos;Lnet/minecraft/world/level/block/state/BlockState;Lnet/minecraft/world/level/block/entity/AbstractFurnaceBlockEntity;Lorg/spongepowered/asm/mixin/injection/callback/CallbackInfo;)V doesn't use it's CallbackInfo
[15Jan2026 17:32:47.720] [pool-8-thread-1/DEBUG] [mixin/]: central_heater.mixins.json:AbstractFurnaceBlockEntityMixin from mod central_heater->@Inject::central_heater$dispenseAsh(Lnet/minecraft/world/level/Level;Lnet/minecraft/core/BlockPos;Lnet/minecraft/world/level/block/state/BlockState;Lnet/minecraft/world/level/block/entity/AbstractFurnaceBlockEntity;Lorg/spongepowered/asm/mixin/injection/callback/CallbackInfo;)V doesn't use it's CallbackInfo
[15Jan2026 17:32:47.838] [pool-8-thread-1/DEBUG] [mixin/]: Mixing HopperBlockEntityMixin from central_heater.mixins.json into net.minecraft.world.level.block.entity.HopperBlockEntity
[15Jan2026 17:32:48.060] [pool-8-thread-1/DEBUG] [mixin/]: Mixing CampfireBlockEntityMixin from central_heater.mixins.json into net.minecraft.world.level.block.entity.CampfireBlockEntity
[15Jan2026 17:32:48.580] [pool-8-thread-1/DEBUG] [io.netty.util.internal.PlatformDependent0/]: -Dio.netty.noUnsafe: false
[15Jan2026 17:32:48.580] [pool-8-thread-1/DEBUG] [io.netty.util.internal.PlatformDependent0/]: Java version: 21
[15Jan2026 17:32:48.581] [pool-8-thread-1/DEBUG] [io.netty.util.internal.PlatformDependent0/]: sun.misc.Unsafe.theUnsafe: available
[15Jan2026 17:32:48.581] [pool-8-thread-1/DEBUG] [io.netty.util.internal.PlatformDependent0/]: sun.misc.Unsafe.copyMemory: available
[15Jan2026 17:32:48.581] [pool-8-thread-1/DEBUG] [io.netty.util.internal.PlatformDependent0/]: sun.misc.Unsafe.storeFence: available
[15Jan2026 17:32:48.581] [pool-8-thread-1/DEBUG] [io.netty.util.internal.PlatformDependent0/]: java.nio.Buffer.address: available
[15Jan2026 17:32:48.581] [pool-8-thread-1/DEBUG] [io.netty.util.internal.PlatformDependent0/]: direct buffer constructor: unavailable: Reflective setAccessible(true) disabled
[15Jan2026 17:32:48.582] [pool-8-thread-1/DEBUG] [io.netty.util.internal.PlatformDependent0/]: java.nio.Bits.unaligned: available, true
[15Jan2026 17:32:48.582] [pool-8-thread-1/DEBUG] [io.netty.util.internal.PlatformDependent0/]: jdk.internal.misc.Unsafe.allocateUninitializedArray(int): unavailable: class io.netty.util.internal.PlatformDependent0$7 (in module io.netty.common) cannot access class jdk.internal.misc.Unsafe (in module java.base) because module java.base does not export jdk.internal.misc to module io.netty.common
[15Jan2026 17:32:48.582] [pool-8-thread-1/DEBUG] [io.netty.util.internal.PlatformDependent0/]: java.nio.DirectByteBuffer.<init>(long, {int,long}): unavailable
[15Jan2026 17:32:48.582] [pool-8-thread-1/DEBUG] [io.netty.util.internal.PlatformDependent/]: sun.misc.Unsafe: available
[15Jan2026 17:32:48.583] [pool-8-thread-1/DEBUG] [io.netty.util.internal.PlatformDependent/]: maxDirectMemory: 4294967296 bytes (maybe)
[15Jan2026 17:32:48.583] [pool-8-thread-1/DEBUG] [io.netty.util.internal.PlatformDependent/]: -Dio.netty.tmpdir: /var/folders/mc/2zl6x1k13199mvgnd2m6t_f00000gn/T (java.io.tmpdir)
[15Jan2026 17:32:48.583] [pool-8-thread-1/DEBUG] [io.netty.util.internal.PlatformDependent/]: -Dio.netty.bitMode: 64 (sun.arch.data.model)
[15Jan2026 17:32:48.583] [pool-8-thread-1/DEBUG] [io.netty.util.internal.PlatformDependent/]: Platform: MacOS
[15Jan2026 17:32:48.583] [pool-8-thread-1/DEBUG] [io.netty.util.internal.PlatformDependent/]: -Dio.netty.maxDirectMemory: -1 bytes
[15Jan2026 17:32:48.583] [pool-8-thread-1/DEBUG] [io.netty.util.internal.PlatformDependent/]: -Dio.netty.uninitializedArrayAllocationThreshold: -1
[15Jan2026 17:32:48.584] [pool-8-thread-1/DEBUG] [io.netty.util.internal.CleanerJava9/]: java.nio.ByteBuffer.cleaner(): available
[15Jan2026 17:32:48.584] [pool-8-thread-1/DEBUG] [io.netty.util.internal.PlatformDependent/]: -Dio.netty.noPreferDirect: false
[15Jan2026 17:32:50.199] [main/WARN] [net.minecraft.commands.Commands/]: Ambiguity between arguments [teleport, location] and [teleport, destination] with inputs: [0.1 -0.5 .9, 0 0 0]
[15Jan2026 17:32:50.200] [main/WARN] [net.minecraft.commands.Commands/]: Ambiguity between arguments [teleport, location] and [teleport, targets] with inputs: [0.1 -0.5 .9, 0 0 0]
[15Jan2026 17:32:50.201] [main/WARN] [net.minecraft.commands.Commands/]: Ambiguity between arguments [teleport, destination] and [teleport, targets] with inputs: [Player, 0123, @e, dd12be42-52a9-4a91-a8a1-11c01849e498]
[15Jan2026 17:32:50.202] [main/WARN] [net.minecraft.commands.Commands/]: Ambiguity between arguments [teleport, targets] and [teleport, destination] with inputs: [Player, 0123, dd12be42-52a9-4a91-a8a1-11c01849e498]
[15Jan2026 17:32:50.202] [main/WARN] [net.minecraft.commands.Commands/]: Ambiguity between arguments [teleport, targets, location] and [teleport, targets, destination] with inputs: [0.1 -0.5 .9, 0 0 0]
[15Jan2026 17:32:50.261] [Render thread/WARN] [net.minecraft.server.packs.VanillaPackResourcesBuilder/]: Assets URL 'union:/Users/fengyue.john.zhu/Documents/central_heater/build/moddev/artifacts/neoforge-21.1.211.jar%23184!/assets/.mcassetsroot' uses unexpected schema
[15Jan2026 17:32:50.262] [Render thread/WARN] [net.minecraft.server.packs.VanillaPackResourcesBuilder/]: Assets URL 'union:/Users/fengyue.john.zhu/Documents/central_heater/build/moddev/artifacts/neoforge-21.1.211.jar%23184!/data/.mcassetsroot' uses unexpected schema
[15Jan2026 17:32:50.273] [Render thread/INFO] [com.mojang.authlib.yggdrasil.YggdrasilAuthenticationService/]: Environment: Environment[sessionHost=https://sessionserver.mojang.com, servicesHost=https://api.minecraftservices.com, name=PROD]
[15Jan2026 17:32:50.278] [Render thread/INFO] [net.minecraft.client.Minecraft/]: Setting user: Dev
[15Jan2026 17:32:50.318] [Render thread/INFO] [net.minecraft.client.Minecraft/]: Backend library: LWJGL version 3.3.3+5
[15Jan2026 17:32:50.634] [Render thread/DEBUG] [net.neoforged.fml.ModWorkManager/LOADING]: Using 10 threads for parallel mod-loading
[15Jan2026 17:32:50.650] [Render thread/DEBUG] [net.neoforged.fml.javafmlmod.FMLModContainer/LOADING]: Creating FMLModContainer instance for [net.neoforged.neoforge.common.NeoForgeMod, net.neoforged.neoforge.client.ClientNeoForgeMod]
[15Jan2026 17:32:50.654] [Render thread/DEBUG] [net.neoforged.fml.javafmlmod.FMLModContainer/LOADING]: Creating FMLModContainer instance for [com.minecart.central_heater.CentralHeater]
[15Jan2026 17:32:50.654] [Render thread/DEBUG] [net.neoforged.fml.javafmlmod.FMLModContainer/LOADING]: Creating FMLModContainer instance for [mezz.jei.neoforge.JustEnoughItems]
[15Jan2026 17:32:50.665] [modloading-worker-0/DEBUG] [net.neoforged.fml.config.ConfigTracker/CONFIG]: Config file jei-server.toml for jei tracking
[15Jan2026 17:32:50.667] [modloading-worker-0/DEBUG] [net.neoforged.neoforge.internal.versions.neoforge.NeoForgeVersion/CORE]: Found NeoForge version 21.1.211
[15Jan2026 17:32:50.667] [modloading-worker-0/DEBUG] [net.neoforged.neoforge.internal.versions.neoforge.NeoForgeVersion/CORE]: Found FML version 4.0.42
[15Jan2026 17:32:50.667] [modloading-worker-0/INFO] [net.neoforged.neoforge.common.NeoForgeMod/NEOFORGE-MOD]: NeoForge mod loading, version 21.1.211, for MC 1.21.1
[15Jan2026 17:32:50.679] [modloading-worker-0/DEBUG] [net.neoforged.fml.config.ConfigTracker/CONFIG]: Config file neoforge-client.toml for neoforge tracking
[15Jan2026 17:32:50.679] [modloading-worker-0/DEBUG] [net.neoforged.fml.config.ConfigTracker/CONFIG]: Config file neoforge-server.toml for neoforge tracking
[15Jan2026 17:32:50.679] [modloading-worker-0/DEBUG] [net.neoforged.fml.config.ConfigTracker/CONFIG]: Config file neoforge-common.toml for neoforge tracking
[15Jan2026 17:32:50.698] [modloading-worker-0/DEBUG] [mezz.jei.common.platform.Services/]: Loaded mezz.jei.neoforge.platform.PlatformHelper@16d35c68 for service interface mezz.jei.common.platform.IPlatformHelper
[15Jan2026 17:32:50.701] [modloading-worker-0/DEBUG] [mezz.jei.common.config.file.ConfigSerializer/]: Loading config file: /Users/fengyue.john.zhu/Documents/central_heater/run/config/jei/jei-debug.ini
[15Jan2026 17:32:50.702] [modloading-worker-0/DEBUG] [mezz.jei.common.config.file.ConfigSchema/]: Localization has not loaded yet, waiting to save the config file until JEI starts.
[15Jan2026 17:32:50.703] [modloading-worker-0/DEBUG] [mezz.jei.common.config.file.ConfigSerializer/]: Loading config file: /Users/fengyue.john.zhu/Documents/central_heater/run/config/jei/jei-mod-id-format.ini
[15Jan2026 17:32:50.703] [modloading-worker-0/DEBUG] [mezz.jei.common.config.file.ConfigSchema/]: Localization has not loaded yet, waiting to save the config file until JEI starts.
[15Jan2026 17:32:50.704] [modloading-worker-0/DEBUG] [mezz.jei.common.config.file.ConfigSerializer/]: Loading config file: /Users/fengyue.john.zhu/Documents/central_heater/run/config/jei/jei-colors.ini
[15Jan2026 17:32:50.704] [modloading-worker-0/DEBUG] [mezz.jei.common.config.file.ConfigSchema/]: Localization has not loaded yet, waiting to save the config file until JEI starts.
[15Jan2026 17:32:50.707] [modloading-worker-0/DEBUG] [mezz.jei.common.config.file.ConfigSerializer/]: Loading config file: /Users/fengyue.john.zhu/Documents/central_heater/run/config/jei/jei-client.ini
[15Jan2026 17:32:50.708] [modloading-worker-0/DEBUG] [mezz.jei.common.config.file.ConfigSchema/]: Localization has not loaded yet, waiting to save the config file until JEI starts.
[15Jan2026 17:32:50.710] [modloading-worker-0/INFO] [mezz.jei.library.load.PluginCaller/]: Sending ConfigManager...
[15Jan2026 17:32:50.710] [modloading-worker-0/DEBUG] [mezz.jei.library.load.PluginCallerTimerRunnable/]: Sending ConfigManager: jei:minecraft...
[15Jan2026 17:32:50.710] [modloading-worker-0/DEBUG] [mezz.jei.library.load.PluginCallerTimerRunnable/]: Sending ConfigManager: central_heater:jei...
[15Jan2026 17:32:50.710] [modloading-worker-0/DEBUG] [mezz.jei.library.load.PluginCallerTimerRunnable/]: Sending ConfigManager: jei:neoforge_gui...
[15Jan2026 17:32:50.710] [modloading-worker-0/DEBUG] [mezz.jei.library.load.PluginCallerTimerRunnable/]: Sending ConfigManager: jei:debug...
[15Jan2026 17:32:50.710] [modloading-worker-0/DEBUG] [mezz.jei.library.load.PluginCallerTimerRunnable/]: Sending ConfigManager: jei:gui...
[15Jan2026 17:32:50.711] [modloading-worker-0/DEBUG] [mezz.jei.library.load.PluginCallerTimerRunnable/]: Sending ConfigManager: jei:internal...
[15Jan2026 17:32:50.711] [modloading-worker-0/INFO] [mezz.jei.library.load.PluginCaller/]: Sending ConfigManager took 845.2 microseconds
[15Jan2026 17:32:50.714] [modloading-worker-0/DEBUG] [net.neoforged.fml.javafmlmod.AutomaticEventSubscriber/LOADING]: Attempting to inject @EventBusSubscriber classes into the eventbus for jei
[15Jan2026 17:32:50.720] [modloading-worker-0/DEBUG] [net.neoforged.fml.javafmlmod.AutomaticEventSubscriber/LOADING]: Attempting to inject @EventBusSubscriber classes into the eventbus for neoforge
[15Jan2026 17:32:50.720] [modloading-worker-0/DEBUG] [net.neoforged.fml.javafmlmod.AutomaticEventSubscriber/LOADING]: Scanning class net.neoforged.neoforge.server.command.ConfigCommand for @SubscribeEvent-annotated methods
[15Jan2026 17:32:50.720] [modloading-worker-0/DEBUG] [net.neoforged.fml.javafmlmod.AutomaticEventSubscriber/]: Subscribing @EventBusSubscriber class Lnet/neoforged/neoforge/server/command/ConfigCommand; to the game event bus
[15Jan2026 17:32:50.721] [modloading-worker-0/DEBUG] [net.neoforged.fml.javafmlmod.AutomaticEventSubscriber/LOADING]: Scanning class net.neoforged.neoforge.network.filters.GenericPacketSplitter for @SubscribeEvent-annotated methods
[15Jan2026 17:32:50.734] [modloading-worker-0/DEBUG] [io.netty.buffer.AbstractByteBuf/]: -Dio.netty.buffer.checkAccessible: true
[15Jan2026 17:32:50.734] [modloading-worker-0/DEBUG] [io.netty.buffer.AbstractByteBuf/]: -Dio.netty.buffer.checkBounds: true
[15Jan2026 17:32:50.734] [modloading-worker-0/DEBUG] [io.netty.util.ResourceLeakDetectorFactory/]: Loaded default ResourceLeakDetector: io.netty.util.ResourceLeakDetector@20c26516
[15Jan2026 17:32:50.738] [modloading-worker-0/DEBUG] [io.netty.util.internal.InternalThreadLocalMap/]: -Dio.netty.threadLocalMap.stringBuilder.initialSize: 1024
[15Jan2026 17:32:50.739] [modloading-worker-0/DEBUG] [io.netty.util.internal.InternalThreadLocalMap/]: -Dio.netty.threadLocalMap.stringBuilder.maxSize: 4096
[15Jan2026 17:32:50.740] [modloading-worker-0/DEBUG] [io.netty.buffer.PooledByteBufAllocator/]: -Dio.netty.allocator.numHeapArenas: 20
[15Jan2026 17:32:50.740] [modloading-worker-0/DEBUG] [io.netty.buffer.PooledByteBufAllocator/]: -Dio.netty.allocator.numDirectArenas: 20
[15Jan2026 17:32:50.740] [modloading-worker-0/DEBUG] [io.netty.buffer.PooledByteBufAllocator/]: -Dio.netty.allocator.pageSize: 8192
[15Jan2026 17:32:50.740] [modloading-worker-0/DEBUG] [io.netty.buffer.PooledByteBufAllocator/]: -Dio.netty.allocator.maxOrder: 9
[15Jan2026 17:32:50.740] [modloading-worker-0/DEBUG] [io.netty.buffer.PooledByteBufAllocator/]: -Dio.netty.allocator.chunkSize: 4194304
[15Jan2026 17:32:50.740] [modloading-worker-0/DEBUG] [io.netty.buffer.PooledByteBufAllocator/]: -Dio.netty.allocator.smallCacheSize: 256
[15Jan2026 17:32:50.740] [modloading-worker-0/DEBUG] [io.netty.buffer.PooledByteBufAllocator/]: -Dio.netty.allocator.normalCacheSize: 64
[15Jan2026 17:32:50.740] [modloading-worker-0/DEBUG] [io.netty.buffer.PooledByteBufAllocator/]: -Dio.netty.allocator.maxCachedBufferCapacity: 32768
[15Jan2026 17:32:50.740] [modloading-worker-0/DEBUG] [io.netty.buffer.PooledByteBufAllocator/]: -Dio.netty.allocator.cacheTrimInterval: 8192
[15Jan2026 17:32:50.740] [modloading-worker-0/DEBUG] [io.netty.buffer.PooledByteBufAllocator/]: -Dio.netty.allocator.cacheTrimIntervalMillis: 0
[15Jan2026 17:32:50.740] [modloading-worker-0/DEBUG] [io.netty.buffer.PooledByteBufAllocator/]: -Dio.netty.allocator.useCacheForAllThreads: false
[15Jan2026 17:32:50.740] [modloading-worker-0/DEBUG] [io.netty.buffer.PooledByteBufAllocator/]: -Dio.netty.allocator.maxCachedByteBuffersPerChunk: 1023
[15Jan2026 17:32:50.744] [modloading-worker-0/DEBUG] [io.netty.buffer.ByteBufUtil/]: -Dio.netty.allocator.type: pooled
[15Jan2026 17:32:50.744] [modloading-worker-0/DEBUG] [io.netty.buffer.ByteBufUtil/]: -Dio.netty.threadLocalDirectBufferSize: 0
[15Jan2026 17:32:50.744] [modloading-worker-0/DEBUG] [io.netty.buffer.ByteBufUtil/]: -Dio.netty.maxThreadLocalCharBufferSize: 16384
[15Jan2026 17:32:50.747] [modloading-worker-0/DEBUG] [net.neoforged.fml.javafmlmod.AutomaticEventSubscriber/]: Subscribing @EventBusSubscriber class Lnet/neoforged/neoforge/network/filters/GenericPacketSplitter; to the mod event bus of mod neoforge
[15Jan2026 17:32:50.749] [modloading-worker-0/DEBUG] [net.neoforged.fml.javafmlmod.AutomaticEventSubscriber/LOADING]: Scanning class net.neoforged.neoforge.network.NetworkInitialization for @SubscribeEvent-annotated methods
[15Jan2026 17:32:50.749] [modloading-worker-0/DEBUG] [net.neoforged.fml.javafmlmod.AutomaticEventSubscriber/]: Subscribing @EventBusSubscriber class Lnet/neoforged/neoforge/network/NetworkInitialization; to the mod event bus of mod neoforge
[15Jan2026 17:32:50.749] [modloading-worker-0/DEBUG] [net.neoforged.fml.javafmlmod.AutomaticEventSubscriber/LOADING]: Scanning class net.neoforged.neoforge.network.ConfigurationInitialization for @SubscribeEvent-annotated methods
[15Jan2026 17:32:50.750] [modloading-worker-0/DEBUG] [net.neoforged.fml.javafmlmod.AutomaticEventSubscriber/]: Subscribing @EventBusSubscriber class Lnet/neoforged/neoforge/network/ConfigurationInitialization; to the mod event bus of mod neoforge
[15Jan2026 17:32:50.751] [modloading-worker-0/DEBUG] [net.neoforged.fml.javafmlmod.AutomaticEventSubscriber/LOADING]: Scanning class net.neoforged.neoforge.common.MonsterRoomHooks for @SubscribeEvent-annotated methods
[15Jan2026 17:32:50.751] [modloading-worker-0/DEBUG] [net.neoforged.fml.javafmlmod.AutomaticEventSubscriber/]: Subscribing @EventBusSubscriber class Lnet/neoforged/neoforge/common/MonsterRoomHooks; to the game event bus
[15Jan2026 17:32:50.751] [modloading-worker-0/DEBUG] [net.neoforged.fml.javafmlmod.AutomaticEventSubscriber/LOADING]: Scanning class net.neoforged.neoforge.common.DeferredSpawnEggItem$CommonHandler for @SubscribeEvent-annotated methods
[15Jan2026 17:32:50.751] [modloading-worker-0/DEBUG] [net.neoforged.fml.javafmlmod.AutomaticEventSubscriber/]: Subscribing @EventBusSubscriber class Lnet/neoforged/neoforge/common/DeferredSpawnEggItem$CommonHandler; to the mod event bus of mod neoforge
[15Jan2026 17:32:50.752] [modloading-worker-0/DEBUG] [net.neoforged.fml.javafmlmod.AutomaticEventSubscriber/LOADING]: Scanning class net.neoforged.neoforge.common.DeferredSpawnEggItem$ColorRegisterHandler for @SubscribeEvent-annotated methods
[15Jan2026 17:32:50.752] [modloading-worker-0/DEBUG] [net.neoforged.fml.javafmlmod.AutomaticEventSubscriber/]: Subscribing @EventBusSubscriber class Lnet/neoforged/neoforge/common/DeferredSpawnEggItem$ColorRegisterHandler; to the mod event bus of mod neoforge
[15Jan2026 17:32:50.752] [modloading-worker-0/DEBUG] [net.neoforged.fml.javafmlmod.AutomaticEventSubscriber/LOADING]: Scanning class net.neoforged.neoforge.client.model.data.ModelDataManager for @SubscribeEvent-annotated methods
[15Jan2026 17:32:50.753] [modloading-worker-0/DEBUG] [net.neoforged.fml.javafmlmod.AutomaticEventSubscriber/]: Subscribing @EventBusSubscriber class Lnet/neoforged/neoforge/client/model/data/ModelDataManager; to the game event bus
[15Jan2026 17:32:50.753] [modloading-worker-0/DEBUG] [net.neoforged.fml.javafmlmod.AutomaticEventSubscriber/LOADING]: Scanning class net.neoforged.neoforge.client.ParticleBoundsDebugRenderer for @SubscribeEvent-annotated methods
[15Jan2026 17:32:50.754] [modloading-worker-0/DEBUG] [net.neoforged.fml.javafmlmod.AutomaticEventSubscriber/]: Subscribing @EventBusSubscriber class Lnet/neoforged/neoforge/client/ParticleBoundsDebugRenderer; to the game event bus
[15Jan2026 17:32:50.754] [modloading-worker-0/DEBUG] [net.neoforged.fml.javafmlmod.AutomaticEventSubscriber/LOADING]: Scanning class net.neoforged.neoforge.client.ClientHooks$ClientEvents for @SubscribeEvent-annotated methods
[15Jan2026 17:32:50.755] [modloading-worker-0/DEBUG] [net.neoforged.fml.javafmlmod.AutomaticEventSubscriber/]: Subscribing @EventBusSubscriber class Lnet/neoforged/neoforge/client/ClientHooks$ClientEvents; to the mod event bus of mod neoforge
[15Jan2026 17:32:50.756] [modloading-worker-0/DEBUG] [net.neoforged.fml.javafmlmod.AutomaticEventSubscriber/LOADING]: Scanning class net.neoforged.neoforge.client.BlockEntityRenderBoundsDebugRenderer for @SubscribeEvent-annotated methods
[15Jan2026 17:32:50.756] [modloading-worker-0/DEBUG] [net.neoforged.fml.javafmlmod.AutomaticEventSubscriber/]: Subscribing @EventBusSubscriber class Lnet/neoforged/neoforge/client/BlockEntityRenderBoundsDebugRenderer; to the game event bus
[15Jan2026 17:32:50.756] [modloading-worker-0/DEBUG] [net.neoforged.fml.javafmlmod.AutomaticEventSubscriber/LOADING]: Scanning class net.neoforged.neoforge.attachment.AttachmentSync for @SubscribeEvent-annotated methods
[15Jan2026 17:32:50.758] [modloading-worker-0/DEBUG] [net.neoforged.fml.javafmlmod.AutomaticEventSubscriber/]: Subscribing @EventBusSubscriber class Lnet/neoforged/neoforge/attachment/AttachmentSync; to the game event bus
[15Jan2026 17:32:50.758] [modloading-worker-0/DEBUG] [net.neoforged.fml.javafmlmod.AutomaticEventSubscriber/LOADING]: Scanning class net.neoforged.neoforge.attachment.AttachmentInternals for @SubscribeEvent-annotated methods
[15Jan2026 17:32:50.758] [modloading-worker-0/DEBUG] [net.neoforged.fml.javafmlmod.AutomaticEventSubscriber/]: Subscribing @EventBusSubscriber class Lnet/neoforged/neoforge/attachment/AttachmentInternals; to the game event bus
[15Jan2026 17:32:50.773] [modloading-worker-0/DEBUG] [net.neoforged.fml.config.ConfigTracker/CONFIG]: Config file central_heater-common.toml for central_heater tracking
[15Jan2026 17:32:50.773] [modloading-worker-0/DEBUG] [net.neoforged.fml.javafmlmod.AutomaticEventSubscriber/LOADING]: Attempting to inject @EventBusSubscriber classes into the eventbus for central_heater
[15Jan2026 17:32:50.773] [modloading-worker-0/DEBUG] [net.neoforged.fml.javafmlmod.AutomaticEventSubscriber/LOADING]: Scanning class com.minecart.central_heater.misc.Config for @SubscribeEvent-annotated methods
[15Jan2026 17:32:50.773] [modloading-worker-0/DEBUG] [net.neoforged.fml.javafmlmod.AutomaticEventSubscriber/]: Subscribing @EventBusSubscriber class Lcom/minecart/central_heater/misc/Config; to the mod event bus of mod central_heater
[15Jan2026 17:32:50.773] [modloading-worker-0/DEBUG] [net.neoforged.fml.javafmlmod.AutomaticEventSubscriber/LOADING]: Scanning class com.minecart.central_heater.misc.DataMapHook for @SubscribeEvent-annotated methods
[15Jan2026 17:32:50.774] [modloading-worker-0/DEBUG] [net.neoforged.fml.javafmlmod.AutomaticEventSubscriber/]: Subscribing @EventBusSubscriber class Lcom/minecart/central_heater/misc/DataMapHook; to the mod event bus of mod central_heater
[15Jan2026 17:32:50.774] [modloading-worker-0/DEBUG] [net.neoforged.fml.javafmlmod.AutomaticEventSubscriber/LOADING]: Scanning class com.minecart.central_heater.capability.AllCapabilities for @SubscribeEvent-annotated methods
[15Jan2026 17:32:50.776] [modloading-worker-0/DEBUG] [net.neoforged.fml.javafmlmod.AutomaticEventSubscriber/]: Subscribing @EventBusSubscriber class Lcom/minecart/central_heater/capability/AllCapabilities; to the mod event bus of mod central_heater
[15Jan2026 17:32:50.776] [modloading-worker-0/DEBUG] [net.neoforged.fml.javafmlmod.AutomaticEventSubscriber/LOADING]: Scanning class com.minecart.central_heater.item.RegisterBurnTime for @SubscribeEvent-annotated methods
[15Jan2026 17:32:50.776] [modloading-worker-0/DEBUG] [net.neoforged.fml.javafmlmod.AutomaticEventSubscriber/]: Subscribing @EventBusSubscriber class Lcom/minecart/central_heater/item/RegisterBurnTime; to the game event bus
[15Jan2026 17:32:50.776] [modloading-worker-0/DEBUG] [net.neoforged.fml.javafmlmod.AutomaticEventSubscriber/LOADING]: Scanning class com.minecart.central_heater.data_generation.AllDataGeneration for @SubscribeEvent-annotated methods
[15Jan2026 17:32:50.777] [modloading-worker-0/DEBUG] [net.neoforged.fml.javafmlmod.AutomaticEventSubscriber/]: Subscribing @EventBusSubscriber class Lcom/minecart/central_heater/data_generation/AllDataGeneration; to the mod event bus of mod central_heater
[15Jan2026 17:32:50.777] [modloading-worker-0/DEBUG] [net.neoforged.fml.javafmlmod.AutomaticEventSubscriber/LOADING]: Scanning class com.minecart.central_heater.structure.StructureAddition for @SubscribeEvent-annotated methods
[15Jan2026 17:32:50.777] [modloading-worker-0/DEBUG] [net.neoforged.fml.javafmlmod.AutomaticEventSubscriber/]: Subscribing @EventBusSubscriber class Lcom/minecart/central_heater/structure/StructureAddition; to the game event bus
[15Jan2026 17:32:50.777] [modloading-worker-0/DEBUG] [net.neoforged.fml.javafmlmod.AutomaticEventSubscriber/LOADING]: Scanning class com.minecart.central_heater.event.ServerModEvents for @SubscribeEvent-annotated methods
[15Jan2026 17:32:50.778] [modloading-worker-0/DEBUG] [net.neoforged.fml.javafmlmod.AutomaticEventSubscriber/]: Subscribing @EventBusSubscriber class Lcom/minecart/central_heater/event/ServerModEvents; to the mod event bus of mod central_heater
[15Jan2026 17:32:50.778] [modloading-worker-0/DEBUG] [net.neoforged.fml.javafmlmod.AutomaticEventSubscriber/LOADING]: Scanning class com.minecart.central_heater.event.ServerGameEvents for @SubscribeEvent-annotated methods
[15Jan2026 17:32:50.778] [modloading-worker-0/DEBUG] [net.neoforged.fml.javafmlmod.AutomaticEventSubscriber/]: Subscribing @EventBusSubscriber class Lcom/minecart/central_heater/event/ServerGameEvents; to the game event bus
[15Jan2026 17:32:50.778] [modloading-worker-0/DEBUG] [net.neoforged.fml.javafmlmod.AutomaticEventSubscriber/LOADING]: Scanning class com.minecart.central_heater.event.ClientModEvents for @SubscribeEvent-annotated methods
[15Jan2026 17:32:50.787] [modloading-worker-0/DEBUG] [net.neoforged.fml.javafmlmod.AutomaticEventSubscriber/]: Subscribing @EventBusSubscriber class Lcom/minecart/central_heater/event/ClientModEvents; to the mod event bus of mod central_heater
[15Jan2026 17:32:50.971] [modloading-sync-worker/DEBUG] [net.neoforged.fml.config.ConfigTracker/CONFIG]: Loading configs type CLIENT
[15Jan2026 17:32:50.979] [modloading-sync-worker/DEBUG] [net.neoforged.neoforge.common.NeoForgeConfig/FORGEMOD]: Loaded NeoForge config file neoforge-client.toml
[15Jan2026 17:32:50.979] [modloading-sync-worker/DEBUG] [net.neoforged.fml.config.ConfigTracker/CONFIG]: Loaded TOML config file /Users/fengyue.john.zhu/Documents/central_heater/run/config/neoforge-client.toml
[15Jan2026 17:32:50.981] [modloading-sync-worker/DEBUG] [net.neoforged.fml.config.ConfigTracker/CONFIG]: Watching TOML config file /Users/fengyue.john.zhu/Documents/central_heater/run/config/neoforge-client.toml for changes
[15Jan2026 17:32:50.981] [modloading-sync-worker/DEBUG] [net.neoforged.fml.config.ConfigTracker/CONFIG]: Loading configs type COMMON
[15Jan2026 17:32:50.982] [modloading-sync-worker/DEBUG] [net.neoforged.neoforge.common.NeoForgeConfig/FORGEMOD]: Loaded NeoForge config file neoforge-common.toml
[15Jan2026 17:32:50.982] [modloading-sync-worker/DEBUG] [net.neoforged.fml.config.ConfigTracker/CONFIG]: Loaded TOML config file /Users/fengyue.john.zhu/Documents/central_heater/run/config/neoforge-common.toml
[15Jan2026 17:32:50.982] [modloading-sync-worker/DEBUG] [net.neoforged.fml.config.ConfigTracker/CONFIG]: Watching TOML config file /Users/fengyue.john.zhu/Documents/central_heater/run/config/neoforge-common.toml for changes
[15Jan2026 17:32:50.982] [modloading-sync-worker/DEBUG] [net.neoforged.fml.config.ConfigTracker/CONFIG]: Loaded TOML config file /Users/fengyue.john.zhu/Documents/central_heater/run/config/central_heater-common.toml
[15Jan2026 17:32:50.983] [modloading-sync-worker/DEBUG] [net.neoforged.fml.config.ConfigTracker/CONFIG]: Watching TOML config file /Users/fengyue.john.zhu/Documents/central_heater/run/config/central_heater-common.toml for changes
[15Jan2026 17:32:51.304] [Render thread/INFO] [net.neoforged.neoforge.gametest.GameTestHooks/]: Enabled Gametest Namespaces: [central_heater]
[15Jan2026 17:32:51.552] [Render thread/INFO] [net.minecraft.server.packs.resources.ReloadableResourceManager/]: Reloading ResourceManager: vanilla, mod_resources, mod/neoforge, mod/central_heater, mod/jei
[15Jan2026 17:32:51.575] [Render thread/DEBUG] [net.neoforged.fml.DeferredWorkQueue/LOADING]: Dispatching synchronous work for work queue Common setup: 1 jobs
[15Jan2026 17:32:51.581] [Render thread/DEBUG] [net.neoforged.fml.DeferredWorkQueue/LOADING]: Synchronous work queue completed in 535.8 μs
[15Jan2026 17:32:51.616] [Worker-Main-6/INFO] [net.minecraft.client.gui.font.providers.UnihexProvider/]: Found unifont_all_no_pua-15.1.05.hex, loading
[15Jan2026 17:32:51.692] [Worker-Main-1/INFO] [net.minecraft.client.gui.font.providers.UnihexProvider/]: Found unifont_jp_patch-15.1.05.hex, loading
[15Jan2026 17:32:52.564] [Render thread/WARN] [net.minecraft.client.sounds.SoundEngine/]: Missing sound for event: minecraft:item.goat_horn.play
[15Jan2026 17:32:52.564] [Render thread/WARN] [net.minecraft.client.sounds.SoundEngine/]: Missing sound for event: minecraft:entity.goat.screaming.horn_break
[15Jan2026 17:32:54.624] [Render thread/INFO] [com.mojang.blaze3d.audio.Library/]: OpenAL initialized on device External Headphones
[15Jan2026 17:32:54.625] [Render thread/INFO] [net.minecraft.client.sounds.SoundEngine/SOUNDS]: Sound engine started
[15Jan2026 17:32:54.693] [Render thread/INFO] [net.minecraft.client.renderer.texture.TextureAtlas/]: Created: 1024x512x4 minecraft:textures/atlas/blocks.png-atlas
[15Jan2026 17:32:54.703] [Render thread/INFO] [net.minecraft.client.renderer.texture.TextureAtlas/]: Created: 256x256x4 minecraft:textures/atlas/signs.png-atlas
[15Jan2026 17:32:54.704] [Render thread/INFO] [net.minecraft.client.renderer.texture.TextureAtlas/]: Created: 512x512x4 minecraft:textures/atlas/shield_patterns.png-atlas
[15Jan2026 17:32:54.704] [Render thread/INFO] [net.minecraft.client.renderer.texture.TextureAtlas/]: Created: 512x512x4 minecraft:textures/atlas/banner_patterns.png-atlas
[15Jan2026 17:32:54.705] [Render thread/INFO] [net.minecraft.client.renderer.texture.TextureAtlas/]: Created: 1024x1024x4 minecraft:textures/atlas/armor_trims.png-atlas
[15Jan2026 17:32:54.708] [Render thread/INFO] [net.minecraft.client.renderer.texture.TextureAtlas/]: Created: 256x256x4 minecraft:textures/atlas/chest.png-atlas
[15Jan2026 17:32:54.709] [Render thread/INFO] [net.minecraft.client.renderer.texture.TextureAtlas/]: Created: 128x64x4 minecraft:textures/atlas/decorated_pot.png-atlas
[15Jan2026 17:32:54.709] [Render thread/INFO] [net.minecraft.client.renderer.texture.TextureAtlas/]: Created: 512x256x4 minecraft:textures/atlas/beds.png-atlas
[15Jan2026 17:32:54.709] [Render thread/INFO] [net.minecraft.client.renderer.texture.TextureAtlas/]: Created: 512x256x4 minecraft:textures/atlas/shulker_boxes.png-atlas
[15Jan2026 17:32:54.743] [Render thread/INFO] [net.minecraft.client.renderer.texture.TextureAtlas/]: Created: 512x256x0 minecraft:textures/atlas/particles.png-atlas
[15Jan2026 17:32:54.744] [Render thread/INFO] [net.minecraft.client.renderer.texture.TextureAtlas/]: Created: 512x256x0 minecraft:textures/atlas/paintings.png-atlas
[15Jan2026 17:32:54.744] [Render thread/INFO] [net.minecraft.client.renderer.texture.TextureAtlas/]: Created: 256x128x0 minecraft:textures/atlas/mob_effects.png-atlas
[15Jan2026 17:32:54.745] [Render thread/INFO] [net.minecraft.client.renderer.texture.TextureAtlas/]: Created: 64x64x0 minecraft:textures/atlas/map_decorations.png-atlas
[15Jan2026 17:32:54.745] [Render thread/INFO] [net.minecraft.client.renderer.texture.TextureAtlas/]: Created: 1024x512x0 minecraft:textures/atlas/gui.png-atlas
[15Jan2026 17:32:54.783] [Render thread/WARN] [net.minecraft.client.renderer.ShaderInstance/]: Shader rendertype_entity_translucent_emissive could not find sampler named Sampler2 in the specified shader program.
[15Jan2026 17:32:54.853] [Render thread/INFO] [net.neoforged.neoforge.client.entity.animation.json.AnimationLoader/]: Loaded 0 entity animations
[15Jan2026 17:32:54.853] [Render thread/INFO] [net.minecraft.client.renderer.texture.TextureAtlas/]: Created: 256x256x0 jei:textures/atlas/gui.png-atlas
[15Jan2026 17:32:58.404] [Render thread/INFO] [net.minecraft.world.item.crafting.RecipeManager/]: Loaded 1495 recipes
[15Jan2026 17:32:58.493] [Render thread/INFO] [net.minecraft.advancements.AdvancementTree/]: Loaded 1648 advancements
[15Jan2026 17:32:58.847] [Render thread/DEBUG] [mezz.jei.neoforge.startup.StartEventObserver/]: JEI StartEventObserver received class net.neoforged.neoforge.event.TagsUpdatedEvent too early, ignoring
[15Jan2026 17:32:58.865] [Render thread/DEBUG] [net.neoforged.neoforge.common.CommonHooks/WP]: Gathered mod list to write to world save New World
[15Jan2026 17:32:58.888] [Server thread/INFO] [net.minecraft.client.server.IntegratedServer/]: Starting integrated minecraft server version 1.21.1
[15Jan2026 17:32:58.888] [Server thread/INFO] [net.minecraft.server.MinecraftServer/]: Generating keypair
[15Jan2026 17:32:58.930] [Server thread/DEBUG] [net.neoforged.fml.config.ConfigTracker/CONFIG]: Loading configs type SERVER
[15Jan2026 17:32:58.931] [Server thread/DEBUG] [net.neoforged.fml.config.ConfigTracker/CONFIG]: Loaded TOML config file /Users/fengyue.john.zhu/Documents/central_heater/run/config/jei-server.toml
[15Jan2026 17:32:58.931] [Server thread/DEBUG] [net.neoforged.fml.config.ConfigTracker/CONFIG]: Watching TOML config file /Users/fengyue.john.zhu/Documents/central_heater/run/config/jei-server.toml for changes
[15Jan2026 17:32:58.931] [Server thread/DEBUG] [net.neoforged.neoforge.common.NeoForgeConfig/FORGEMOD]: Loaded NeoForge config file neoforge-server.toml
[15Jan2026 17:32:58.931] [Server thread/DEBUG] [net.neoforged.fml.config.ConfigTracker/CONFIG]: Loaded TOML config file /Users/fengyue.john.zhu/Documents/central_heater/run/config/neoforge-server.toml
[15Jan2026 17:32:58.932] [Server thread/DEBUG] [net.neoforged.fml.config.ConfigTracker/CONFIG]: Watching TOML config file /Users/fengyue.john.zhu/Documents/central_heater/run/config/neoforge-server.toml for changes
[15Jan2026 17:33:00.000] [Server thread/INFO] [net.minecraft.server.MinecraftServer/]: Preparing start region for dimension minecraft:overworld
[15Jan2026 17:33:00.227] [progressListener/INFO] [net.minecraft.server.level.progress.LoggerChunkProgressListener/]: Preparing spawn area: 0%
[15Jan2026 17:33:00.308] [Server thread/INFO] [net.neoforged.neoforge.server.permission.PermissionAPI/]: Successfully initialized permission handler neoforge:default_handler
[15Jan2026 17:33:00.321] [progressListener/INFO] [net.minecraft.server.level.progress.LoggerChunkProgressListener/]: Time elapsed: 314 ms
[15Jan2026 17:33:00.382] [Server thread/INFO] [net.minecraft.client.server.IntegratedServer/]: Changing view distance to 11, from 10
[15Jan2026 17:33:00.383] [Server thread/INFO] [net.minecraft.client.server.IntegratedServer/]: Changing simulation distance to 12, from 0
[15Jan2026 17:33:00.401] [Render thread/DEBUG] [io.netty.channel.MultithreadEventLoopGroup/]: -Dio.netty.eventLoopThreads: 20
[15Jan2026 17:33:00.408] [Render thread/DEBUG] [io.netty.util.concurrent.GlobalEventExecutor/]: -Dio.netty.globalEventExecutor.quietPeriodSeconds: 1
[15Jan2026 17:33:00.416] [Render thread/DEBUG] [io.netty.channel.nio.NioEventLoop/]: -Dio.netty.noKeySetOptimization: false
[15Jan2026 17:33:00.416] [Render thread/DEBUG] [io.netty.channel.nio.NioEventLoop/]: -Dio.netty.selectorAutoRebuildThreshold: 512
[15Jan2026 17:33:00.419] [Render thread/DEBUG] [io.netty.util.internal.PlatformDependent/]: org.jctools-core.MpscChunkedArrayQueue: available
[15Jan2026 17:33:00.429] [Render thread/DEBUG] [io.netty.channel.DefaultChannelId/]: -Dio.netty.processId: 22378 (auto-detected)
[15Jan2026 17:33:00.430] [Render thread/DEBUG] [io.netty.util.NetUtil/]: -Djava.net.preferIPv4Stack: false
[15Jan2026 17:33:00.430] [Render thread/DEBUG] [io.netty.util.NetUtil/]: -Djava.net.preferIPv6Addresses: system
[15Jan2026 17:33:00.434] [Render thread/DEBUG] [io.netty.util.NetUtilInitializations/]: Loopback interface: lo0 (lo0, 0:0:0:0:0:0:0:1%lo0)
[15Jan2026 17:33:00.437] [Render thread/DEBUG] [io.netty.util.NetUtil/]: Failed to get SOMAXCONN from sysctl and file /proc/sys/net/core/somaxconn. Default: 128
[15Jan2026 17:33:00.438] [Render thread/DEBUG] [io.netty.channel.DefaultChannelId/]: -Dio.netty.machineId: 5e:f8:72:ff:fe:05:86:54 (auto-detected)
[15Jan2026 17:33:00.467] [Render thread/DEBUG] [io.netty.util.Recycler/]: -Dio.netty.recycler.maxCapacityPerThread: 4096
[15Jan2026 17:33:00.467] [Render thread/DEBUG] [io.netty.util.Recycler/]: -Dio.netty.recycler.ratio: 8
[15Jan2026 17:33:00.467] [Render thread/DEBUG] [io.netty.util.Recycler/]: -Dio.netty.recycler.chunkSize: 32
[15Jan2026 17:33:00.467] [Render thread/DEBUG] [io.netty.util.Recycler/]: -Dio.netty.recycler.blocking: false
[15Jan2026 17:33:00.467] [Render thread/DEBUG] [io.netty.util.Recycler/]: -Dio.netty.recycler.batchFastThreadLocalOnly: true
[15Jan2026 17:33:00.562] [Netty Server IO #1/DEBUG] [net.neoforged.neoforge.network.filters.NetworkFilters/]: Injected net.neoforged.neoforge.network.filters.GenericPacketSplitter@59c9e734 into net.minecraft.network.Connection@5d9039c1
[15Jan2026 17:33:00.565] [Netty Local Client IO #0/DEBUG] [net.neoforged.neoforge.network.filters.NetworkFilters/]: Injected net.neoforged.neoforge.network.filters.GenericPacketSplitter@5efa7b4e into net.minecraft.network.Connection@3bc02431
[15Jan2026 17:33:00.659] [Render thread/DEBUG] [mezz.jei.neoforge.startup.StartEventObserver/]: JEI StartEventObserver received event: class net.neoforged.neoforge.event.TagsUpdatedEvent
[15Jan2026 17:33:00.714] [Netty Server IO #1/DEBUG] [net.neoforged.neoforge.network.filters.NetworkFilters/]: Injected net.neoforged.neoforge.network.filters.GenericPacketSplitter@42d2ac58 into net.minecraft.network.Connection@5d9039c1
[15Jan2026 17:33:00.729] [Server thread/WARN] [net.minecraft.server.PlayerAdvancements/]: Ignored advancement 'central_heater:recipes/bone_block_to_ancient_debris_fire_2' in progress file ./saves/New World/advancements/380df991-f603-344c-a090-369bad2a924a.json - it doesn't exist anymore?
[15Jan2026 17:33:00.746] [Server thread/ERROR] [net.minecraft.stats.ServerRecipeBook/]: Tried to load unrecognized recipe: central_heater:bone_block_to_ancient_debris_fire_2 removed now.
[15Jan2026 17:33:00.747] [Server thread/ERROR] [net.minecraft.stats.ServerRecipeBook/]: Tried to load unrecognized recipe: central_heater:bone_block_to_ancient_debris_fire_2 removed now.
[15Jan2026 17:33:00.747] [Server thread/INFO] [net.minecraft.server.players.PlayerList/]: Dev[local:E:4f71b69e] logged in with entity id 89 at (-8.213838206566441, 72.92159999847412, 21.551848146268036)
[15Jan2026 17:33:00.782] [Server thread/INFO] [net.minecraft.server.MinecraftServer/]: Dev joined the game
[15Jan2026 17:33:00.848] [Render thread/WARN] [net.minecraft.client.ClientRecipeBook/]: Unknown recipe category: central_heater:smoldering/minecraft:recipe_with_stone_brick_time_400_tier_2_with_flame_level_1
[15Jan2026 17:33:00.848] [Render thread/WARN] [net.minecraft.client.ClientRecipeBook/]: Unknown recipe category: central_heater:smoldering/minecraft:recipe_with_soul_mixture_time_200_tier_2_with_flame_level_1
[15Jan2026 17:33:00.848] [Render thread/WARN] [net.minecraft.client.ClientRecipeBook/]: Unknown recipe category: central_heater:smoldering/minecraft:recipe_with_deepslate_brick_time_400_tier_2_with_flame_level_1
[15Jan2026 17:33:00.848] [Render thread/WARN] [net.minecraft.client.ClientRecipeBook/]: Unknown recipe category: central_heater:smoldering/minecraft:recipe_with_white_concrete_time_100_tier_0_with_flame_level_0
[15Jan2026 17:33:00.848] [Render thread/WARN] [net.minecraft.client.ClientRecipeBook/]: Unknown recipe category: central_heater:smoldering/minecraft:recipe_with_clay_bit_time_200_tier_1_with_flame_level_0
[15Jan2026 17:33:00.848] [Render thread/WARN] [net.minecraft.client.ClientRecipeBook/]: Unknown recipe category: central_heater:smoldering/minecraft:recipe_with_green_concrete_time_100_tier_0_with_flame_level_0
[15Jan2026 17:33:00.848] [Render thread/WARN] [net.minecraft.client.ClientRecipeBook/]: Unknown recipe category: central_heater:smoldering/minecraft:recipe_with_purple_concrete_time_100_tier_0_with_flame_level_0
[15Jan2026 17:33:00.848] [Render thread/WARN] [net.minecraft.client.ClientRecipeBook/]: Unknown recipe category: central_heater:smoldering/minecraft:recipe_with_gray_concrete_time_100_tier_0_with_flame_level_0
[15Jan2026 17:33:00.848] [Render thread/WARN] [net.minecraft.client.ClientRecipeBook/]: Unknown recipe category: central_heater:smoldering/minecraft:recipe_with_sturdy_brick_time_1000_tier_3_with_flame_level_1
[15Jan2026 17:33:00.848] [Render thread/WARN] [net.minecraft.client.ClientRecipeBook/]: Unknown recipe category: central_heater:smoldering/minecraft:recipe_with_coal_time_400_tier_2_with_flame_level_2
[15Jan2026 17:33:00.848] [Render thread/WARN] [net.minecraft.client.ClientRecipeBook/]: Unknown recipe category: central_heater:smoldering/minecraft:recipe_with_lime_concrete_time_100_tier_0_with_flame_level_0
[15Jan2026 17:33:00.848] [Render thread/WARN] [net.minecraft.client.ClientRecipeBook/]: Unknown recipe category: central_heater:smoldering/minecraft:recipe_with_brown_concrete_time_100_tier_0_with_flame_level_0
[15Jan2026 17:33:00.848] [Render thread/WARN] [net.minecraft.client.ClientRecipeBook/]: Unknown recipe category: central_heater:smoldering/minecraft:recipe_with_bone_meal_time_400_tier_1_with_flame_level_1
[15Jan2026 17:33:00.848] [Render thread/WARN] [net.minecraft.client.ClientRecipeBook/]: Unknown recipe category: central_heater:smoldering/minecraft:recipe_with_magenta_concrete_time_100_tier_0_with_flame_level_0
[15Jan2026 17:33:00.848] [Render thread/WARN] [net.minecraft.client.ClientRecipeBook/]: Unknown recipe category: central_heater:smoldering/minecraft:recipe_with_pink_concrete_time_100_tier_0_with_flame_level_0
[15Jan2026 17:33:00.848] [Render thread/WARN] [net.minecraft.client.ClientRecipeBook/]: Unknown recipe category: central_heater:smoldering/minecraft:recipe_with_blue_concrete_time_100_tier_0_with_flame_level_0
[15Jan2026 17:33:00.849] [Render thread/WARN] [net.minecraft.client.ClientRecipeBook/]: Unknown recipe category: central_heater:smoldering/minecraft:recipe_with_slime_ball_time_400_tier_1_with_flame_level_1
[15Jan2026 17:33:00.849] [Render thread/WARN] [net.minecraft.client.ClientRecipeBook/]: Unknown recipe category: central_heater:smoldering/minecraft:recipe_with_wheat_dough_time_200_tier_1_with_flame_level_0
[15Jan2026 17:33:00.849] [Render thread/WARN] [net.minecraft.client.ClientRecipeBook/]: Unknown recipe category: central_heater:smoldering/minecraft:recipe_with_red_concrete_time_100_tier_0_with_flame_level_0
[15Jan2026 17:33:00.849] [Render thread/WARN] [net.minecraft.client.ClientRecipeBook/]: Unknown recipe category: central_heater:smoldering/minecraft:recipe_with_black_concrete_time_100_tier_0_with_flame_level_0
[15Jan2026 17:33:00.849] [Render thread/WARN] [net.minecraft.client.ClientRecipeBook/]: Unknown recipe category: central_heater:smoldering/minecraft:recipe_with_water_time_200_tier_1_with_flame_level_1
[15Jan2026 17:33:00.849] [Render thread/WARN] [net.minecraft.client.ClientRecipeBook/]: Unknown recipe category: central_heater:smoldering/minecraft:recipe_with_gunpowder_gunpowder_time_400_tier_2_with_flame_level_1
[15Jan2026 17:33:00.849] [Render thread/WARN] [net.minecraft.client.ClientRecipeBook/]: Unknown recipe category: central_heater:smoldering/minecraft:recipe_with_light_gray_concrete_time_100_tier_0_with_flame_level_0
[15Jan2026 17:33:00.849] [Render thread/WARN] [net.minecraft.client.ClientRecipeBook/]: Unknown recipe category: central_heater:smoldering/minecraft:recipe_with_yellow_concrete_time_100_tier_0_with_flame_level_0
[15Jan2026 17:33:00.849] [Render thread/WARN] [net.minecraft.client.ClientRecipeBook/]: Unknown recipe category: central_heater:smoldering/minecraft:recipe_with_light_blue_concrete_time_100_tier_0_with_flame_level_0
[15Jan2026 17:33:00.849] [Render thread/WARN] [net.minecraft.client.ClientRecipeBook/]: Unknown recipe category: central_heater:smoldering/minecraft:recipe_with_orange_concrete_time_100_tier_0_with_flame_level_0
[15Jan2026 17:33:00.849] [Render thread/WARN] [net.minecraft.client.ClientRecipeBook/]: Unknown recipe category: central_heater:smoldering/minecraft:recipe_with_cyan_concrete_time_100_tier_0_with_flame_level_0
[15Jan2026 17:33:00.849] [Render thread/WARN] [net.minecraft.client.ClientRecipeBook/]: Unknown recipe category: central_heater:smoldering/minecraft:recipe_with_slime_ball_lava_time_400_tier_3_with_flame_level_2
[15Jan2026 17:33:00.851] [Render thread/DEBUG] [mezz.jei.neoforge.startup.StartEventObserver/]: JEI StartEventObserver received event: class net.neoforged.neoforge.client.event.RecipesUpdatedEvent
[15Jan2026 17:33:00.851] [Render thread/DEBUG] [mezz.jei.neoforge.startup.StartEventObserver/]: JEI StartEventObserver transitioning state from LISTENING to JEI_STARTED
[15Jan2026 17:33:00.852] [Render thread/INFO] [mezz.jei.core.util.LoggedTimer/]: Starting JEI...
[15Jan2026 17:33:00.855] [Render thread/INFO] [mezz.jei.library.load.PluginCaller/]: Registering item subtypes...
[15Jan2026 17:33:00.855] [Render thread/DEBUG] [mezz.jei.library.load.PluginCallerTimerRunnable/]: Registering item subtypes: jei:minecraft...
[15Jan2026 17:33:00.856] [Render thread/DEBUG] [mezz.jei.library.load.PluginCallerTimerRunnable/]: Registering item subtypes: central_heater:jei...
[15Jan2026 17:33:00.856] [Render thread/DEBUG] [mezz.jei.library.load.PluginCallerTimerRunnable/]: Registering item subtypes: jei:neoforge_gui...
[15Jan2026 17:33:00.856] [Render thread/DEBUG] [mezz.jei.library.load.PluginCallerTimerRunnable/]: Registering item subtypes: jei:debug...
[15Jan2026 17:33:00.856] [Render thread/DEBUG] [mezz.jei.library.load.PluginCallerTimerRunnable/]: Registering item subtypes: jei:gui...
[15Jan2026 17:33:00.856] [Render thread/DEBUG] [mezz.jei.library.load.PluginCallerTimerRunnable/]: Registering item subtypes: jei:internal...
[15Jan2026 17:33:00.857] [Render thread/INFO] [mezz.jei.library.load.PluginCaller/]: Registering item subtypes took 1.654 milliseconds
[15Jan2026 17:33:00.857] [Render thread/INFO] [mezz.jei.library.load.PluginCaller/]: Registering fluid subtypes...
[15Jan2026 17:33:00.857] [Render thread/DEBUG] [mezz.jei.library.load.PluginCallerTimerRunnable/]: Registering fluid subtypes: jei:minecraft...
[15Jan2026 17:33:00.857] [Render thread/DEBUG] [mezz.jei.library.load.PluginCallerTimerRunnable/]: Registering fluid subtypes: central_heater:jei...
[15Jan2026 17:33:00.857] [Render thread/DEBUG] [mezz.jei.library.load.PluginCallerTimerRunnable/]: Registering fluid subtypes: jei:neoforge_gui...
[15Jan2026 17:33:00.857] [Render thread/DEBUG] [mezz.jei.library.load.PluginCallerTimerRunnable/]: Registering fluid subtypes: jei:debug...
[15Jan2026 17:33:00.857] [Render thread/DEBUG] [mezz.jei.library.load.PluginCallerTimerRunnable/]: Registering fluid subtypes: jei:gui...
[15Jan2026 17:33:00.857] [Render thread/DEBUG] [mezz.jei.library.load.PluginCallerTimerRunnable/]: Registering fluid subtypes: jei:internal...
[15Jan2026 17:33:00.857] [Render thread/INFO] [mezz.jei.library.load.PluginCaller/]: Registering fluid subtypes took 576.0 microseconds
[15Jan2026 17:33:00.858] [Render thread/INFO] [mezz.jei.library.load.PluginCaller/]: Registering ingredients...
[15Jan2026 17:33:00.858] [Render thread/DEBUG] [mezz.jei.library.load.PluginCallerTimerRunnable/]: Registering ingredients: jei:minecraft...
[15Jan2026 17:33:00.870] [Render thread/DEBUG] [mezz.jei.library.plugins.vanilla.ingredients.ItemStackListFactory/]: Added  402/ 402 new items from 'Building Blocks' creative tab's displayItems
[15Jan2026 17:33:00.875] [Render thread/DEBUG] [mezz.jei.library.plugins.vanilla.ingredients.ItemStackListFactory/]: Added  198/ 198 new items from 'Colored Blocks' creative tab's displayItems
[15Jan2026 17:33:00.878] [Render thread/DEBUG] [mezz.jei.library.plugins.vanilla.ingredients.ItemStackListFactory/]: Added  201/ 226 new items from 'Natural Blocks' creative tab's displayItems
[15Jan2026 17:33:00.885] [Render thread/DEBUG] [mezz.jei.library.plugins.vanilla.ingredients.ItemStackListFactory/]: Added  138/ 225 new items from 'Functional Blocks' creative tab's displayItems
[15Jan2026 17:33:00.886] [Render thread/DEBUG] [mezz.jei.library.plugins.vanilla.ingredients.ItemStackListFactory/]: Added   29/  68 new items from 'Redstone Blocks' creative tab's displayItems
[15Jan2026 17:33:00.886] [Render thread/DEBUG] [mezz.jei.library.plugins.vanilla.ingredients.ItemStackListFactory/]: Skipping creative tab: 'Saved Hotbars' because it is type: HOTBAR
[15Jan2026 17:33:00.886] [Render thread/DEBUG] [mezz.jei.library.plugins.vanilla.ingredients.ItemStackListFactory/]: Skipping creative tab: 'Search Items' because it is type: SEARCH
[15Jan2026 17:33:00.890] [Render thread/DEBUG] [mezz.jei.library.plugins.vanilla.ingredients.ItemStackListFactory/]: Added  101/ 113 new items from 'Tools & Utilities' creative tab's displayItems
[15Jan2026 17:33:00.893] [Render thread/DEBUG] [mezz.jei.library.plugins.vanilla.ingredients.ItemStackListFactory/]: Added   92/ 104 new items from 'Combat' creative tab's displayItems
[15Jan2026 17:33:00.898] [Render thread/DEBUG] [mezz.jei.library.plugins.vanilla.ingredients.ItemStackListFactory/]: Added  190/ 193 new items from 'Food & Drinks' creative tab's displayItems
[15Jan2026 17:33:00.905] [Render thread/DEBUG] [mezz.jei.library.plugins.vanilla.ingredients.ItemStackListFactory/]: Added  172/ 186 new items from 'Ingredients' creative tab's displayItems
[15Jan2026 17:33:00.905] [Render thread/DEBUG] [mezz.jei.library.plugins.vanilla.ingredients.ItemStackListFactory/]: Added   83/ 269 new items from 'Ingredients' creative tab's searchTabDisplayItems
[15Jan2026 17:33:00.907] [Render thread/DEBUG] [mezz.jei.library.plugins.vanilla.ingredients.ItemStackListFactory/]: Added   80/  80 new items from 'Spawn Eggs' creative tab's displayItems
[15Jan2026 17:33:00.908] [Render thread/DEBUG] [mezz.jei.library.plugins.vanilla.ingredients.ItemStackListFactory/]: Item Group has no display items and no search tab display items. Items from this group will be missing from the JEI ingredient list. Operator Utilities
[15Jan2026 17:33:00.908] [Render thread/DEBUG] [mezz.jei.library.plugins.vanilla.ingredients.ItemStackListFactory/]: Skipping creative tab: 'Survival Inventory' because it is type: INVENTORY
[15Jan2026 17:33:00.909] [Render thread/DEBUG] [mezz.jei.library.plugins.vanilla.ingredients.ItemStackListFactory/]: Added   73/  73 new items from 'Heaters' creative tab's displayItems
[15Jan2026 17:33:00.919] [Render thread/INFO] [mezz.jei.library.load.PluginCallerTimerRunnable/]: Registering ingredients: jei:minecraft took 60.62 milliseconds
[15Jan2026 17:33:00.919] [Render thread/DEBUG] [mezz.jei.library.load.PluginCallerTimerRunnable/]: Registering ingredients: central_heater:jei...
[15Jan2026 17:33:00.919] [Render thread/DEBUG] [mezz.jei.library.load.PluginCallerTimerRunnable/]: Registering ingredients: jei:neoforge_gui...
[15Jan2026 17:33:00.919] [Render thread/DEBUG] [mezz.jei.library.load.PluginCallerTimerRunnable/]: Registering ingredients: jei:debug...
[15Jan2026 17:33:00.919] [Render thread/DEBUG] [mezz.jei.library.load.PluginCallerTimerRunnable/]: Registering ingredients: jei:gui...
[15Jan2026 17:33:00.919] [Render thread/DEBUG] [mezz.jei.library.load.PluginCallerTimerRunnable/]: Registering ingredients: jei:internal...
[15Jan2026 17:33:00.919] [Render thread/INFO] [mezz.jei.library.load.PluginCaller/]: Registering ingredients took 61.04 milliseconds
[15Jan2026 17:33:00.919] [Render thread/INFO] [mezz.jei.library.load.PluginCaller/]: Registering extra ingredients...
[15Jan2026 17:33:00.920] [Render thread/DEBUG] [mezz.jei.library.load.PluginCallerTimerRunnable/]: Registering extra ingredients: jei:minecraft...
[15Jan2026 17:33:00.920] [Render thread/DEBUG] [mezz.jei.library.load.PluginCallerTimerRunnable/]: Registering extra ingredients: central_heater:jei...
[15Jan2026 17:33:00.920] [Render thread/DEBUG] [mezz.jei.library.load.PluginCallerTimerRunnable/]: Registering extra ingredients: jei:neoforge_gui...
[15Jan2026 17:33:00.920] [Render thread/DEBUG] [mezz.jei.library.load.PluginCallerTimerRunnable/]: Registering extra ingredients: jei:debug...
[15Jan2026 17:33:00.920] [Render thread/DEBUG] [mezz.jei.library.load.PluginCallerTimerRunnable/]: Registering extra ingredients: jei:gui...
[15Jan2026 17:33:00.920] [Render thread/DEBUG] [mezz.jei.library.load.PluginCallerTimerRunnable/]: Registering extra ingredients: jei:internal...
[15Jan2026 17:33:00.920] [Render thread/INFO] [mezz.jei.library.load.PluginCaller/]: Registering extra ingredients took 239.7 microseconds
[15Jan2026 17:33:00.920] [Render thread/INFO] [mezz.jei.library.load.PluginCaller/]: Registering search ingredient aliases...
[15Jan2026 17:33:00.920] [Render thread/DEBUG] [mezz.jei.library.load.PluginCallerTimerRunnable/]: Registering search ingredient aliases: jei:minecraft...
[15Jan2026 17:33:00.920] [Render thread/DEBUG] [mezz.jei.library.load.PluginCallerTimerRunnable/]: Registering search ingredient aliases: central_heater:jei...
[15Jan2026 17:33:00.920] [Render thread/DEBUG] [mezz.jei.library.load.PluginCallerTimerRunnable/]: Registering search ingredient aliases: jei:neoforge_gui...
[15Jan2026 17:33:00.920] [Render thread/DEBUG] [mezz.jei.library.load.PluginCallerTimerRunnable/]: Registering search ingredient aliases: jei:debug...
[15Jan2026 17:33:00.920] [Render thread/DEBUG] [mezz.jei.library.load.PluginCallerTimerRunnable/]: Registering search ingredient aliases: jei:gui...
[15Jan2026 17:33:00.920] [Render thread/DEBUG] [mezz.jei.library.load.PluginCallerTimerRunnable/]: Registering search ingredient aliases: jei:internal...
[15Jan2026 17:33:00.920] [Render thread/INFO] [mezz.jei.library.load.PluginCaller/]: Registering search ingredient aliases took 416.1 microseconds
[15Jan2026 17:33:00.927] [Render thread/INFO] [mezz.jei.library.load.PluginCaller/]: Registering Mod Info...
[15Jan2026 17:33:00.927] [Render thread/DEBUG] [mezz.jei.library.load.PluginCallerTimerRunnable/]: Registering Mod Info: jei:minecraft...
[15Jan2026 17:33:00.927] [Render thread/DEBUG] [mezz.jei.library.load.PluginCallerTimerRunnable/]: Registering Mod Info: central_heater:jei...
[15Jan2026 17:33:00.927] [Render thread/DEBUG] [mezz.jei.library.load.PluginCallerTimerRunnable/]: Registering Mod Info: jei:neoforge_gui...
[15Jan2026 17:33:00.927] [Render thread/DEBUG] [mezz.jei.library.load.PluginCallerTimerRunnable/]: Registering Mod Info: jei:debug...
[15Jan2026 17:33:00.927] [Render thread/DEBUG] [mezz.jei.library.load.PluginCallerTimerRunnable/]: Registering Mod Info: jei:gui...
[15Jan2026 17:33:00.927] [Render thread/DEBUG] [mezz.jei.library.load.PluginCallerTimerRunnable/]: Registering Mod Info: jei:internal...
[15Jan2026 17:33:00.927] [Render thread/INFO] [mezz.jei.library.load.PluginCaller/]: Registering Mod Info took 312.4 microseconds
[15Jan2026 17:33:00.937] [Render thread/INFO] [mezz.jei.library.load.PluginCaller/]: Registering categories...
[15Jan2026 17:33:00.937] [Render thread/DEBUG] [mezz.jei.library.load.PluginCallerTimerRunnable/]: Registering categories: jei:minecraft...
[15Jan2026 17:33:00.942] [Render thread/DEBUG] [mezz.jei.library.load.PluginCallerTimerRunnable/]: Registering categories: central_heater:jei...
[15Jan2026 17:33:00.946] [Render thread/DEBUG] [mezz.jei.library.load.PluginCallerTimerRunnable/]: Registering categories: jei:neoforge_gui...
[15Jan2026 17:33:00.946] [Render thread/DEBUG] [mezz.jei.library.load.PluginCallerTimerRunnable/]: Registering categories: jei:debug...
[15Jan2026 17:33:00.946] [Render thread/DEBUG] [mezz.jei.library.load.PluginCallerTimerRunnable/]: Registering categories: jei:gui...
[15Jan2026 17:33:00.946] [Render thread/DEBUG] [mezz.jei.library.load.PluginCallerTimerRunnable/]: Registering categories: jei:internal...
[15Jan2026 17:33:00.948] [Render thread/INFO] [mezz.jei.library.load.PluginCaller/]: Registering categories took 11.04 milliseconds
[15Jan2026 17:33:00.948] [Render thread/INFO] [mezz.jei.library.load.PluginCaller/]: Registering vanilla category extensions...
[15Jan2026 17:33:00.949] [Render thread/DEBUG] [mezz.jei.library.load.PluginCallerTimerRunnable/]: Registering vanilla category extensions: jei:minecraft...
[15Jan2026 17:33:00.949] [Render thread/DEBUG] [mezz.jei.library.load.PluginCallerTimerRunnable/]: Registering vanilla category extensions: central_heater:jei...
[15Jan2026 17:33:00.949] [Render thread/DEBUG] [mezz.jei.library.load.PluginCallerTimerRunnable/]: Registering vanilla category extensions: jei:neoforge_gui...
[15Jan2026 17:33:00.949] [Render thread/DEBUG] [mezz.jei.library.load.PluginCallerTimerRunnable/]: Registering vanilla category extensions: jei:debug...
[15Jan2026 17:33:00.949] [Render thread/DEBUG] [mezz.jei.library.load.PluginCallerTimerRunnable/]: Registering vanilla category extensions: jei:gui...
[15Jan2026 17:33:00.949] [Render thread/DEBUG] [mezz.jei.library.load.PluginCallerTimerRunnable/]: Registering vanilla category extensions: jei:internal...
[15Jan2026 17:33:00.949] [Render thread/INFO] [mezz.jei.library.load.PluginCaller/]: Registering vanilla category extensions took 973.5 microseconds
[15Jan2026 17:33:00.950] [Render thread/INFO] [mezz.jei.library.load.PluginCaller/]: Registering recipe catalysts...
[15Jan2026 17:33:00.950] [Render thread/DEBUG] [mezz.jei.library.load.PluginCallerTimerRunnable/]: Registering recipe catalysts: jei:minecraft...
[15Jan2026 17:33:00.950] [Render thread/DEBUG] [mezz.jei.library.load.PluginCallerTimerRunnable/]: Registering recipe catalysts: central_heater:jei...
[15Jan2026 17:33:00.951] [Render thread/DEBUG] [mezz.jei.library.load.PluginCallerTimerRunnable/]: Registering recipe catalysts: jei:neoforge_gui...
[15Jan2026 17:33:00.951] [Render thread/DEBUG] [mezz.jei.library.load.PluginCallerTimerRunnable/]: Registering recipe catalysts: jei:debug...
[15Jan2026 17:33:00.951] [Render thread/DEBUG] [mezz.jei.library.load.PluginCallerTimerRunnable/]: Registering recipe catalysts: jei:gui...
[15Jan2026 17:33:00.951] [Render thread/DEBUG] [mezz.jei.library.load.PluginCallerTimerRunnable/]: Registering recipe catalysts: jei:internal...
[15Jan2026 17:33:00.951] [Render thread/INFO] [mezz.jei.library.load.PluginCaller/]: Registering recipe catalysts took 787.3 microseconds
[15Jan2026 17:33:00.951] [Render thread/INFO] [mezz.jei.core.util.LoggedTimer/]: Building recipe registry...
[15Jan2026 17:33:00.958] [Render thread/INFO] [mezz.jei.core.util.LoggedTimer/]: Building recipe registry took 7.320 milliseconds
[15Jan2026 17:33:00.959] [Render thread/INFO] [mezz.jei.library.load.PluginCaller/]: Registering advanced plugins...
[15Jan2026 17:33:00.959] [Render thread/DEBUG] [mezz.jei.library.load.PluginCallerTimerRunnable/]: Registering advanced plugins: jei:minecraft...
[15Jan2026 17:33:00.959] [Render thread/DEBUG] [mezz.jei.library.load.PluginCallerTimerRunnable/]: Registering advanced plugins: central_heater:jei...
[15Jan2026 17:33:00.959] [Render thread/DEBUG] [mezz.jei.library.load.PluginCallerTimerRunnable/]: Registering advanced plugins: jei:neoforge_gui...
[15Jan2026 17:33:00.959] [Render thread/DEBUG] [mezz.jei.library.load.PluginCallerTimerRunnable/]: Registering advanced plugins: jei:debug...
[15Jan2026 17:33:00.959] [Render thread/DEBUG] [mezz.jei.library.load.PluginCallerTimerRunnable/]: Registering advanced plugins: jei:gui...
[15Jan2026 17:33:00.959] [Render thread/DEBUG] [mezz.jei.library.load.PluginCallerTimerRunnable/]: Registering advanced plugins: jei:internal...
[15Jan2026 17:33:00.959] [Render thread/INFO] [mezz.jei.library.load.PluginCaller/]: Registering advanced plugins took 274.4 microseconds
[15Jan2026 17:33:00.959] [Render thread/INFO] [mezz.jei.library.load.PluginCaller/]: Registering recipes...
[15Jan2026 17:33:00.959] [Render thread/DEBUG] [mezz.jei.library.load.PluginCallerTimerRunnable/]: Registering recipes: jei:minecraft...
[15Jan2026 17:33:00.967] [Render thread/DEBUG] [mezz.jei.library.recipes.RecipeManagerInternal/]: Adding recipes: RecipeType[uid=minecraft:crafting, recipeClass=class net.minecraft.world.item.crafting.RecipeHolder]
[15Jan2026 17:33:00.981] [Render thread/DEBUG] [mezz.jei.library.recipes.RecipeManagerInternal/]: Adding recipes: RecipeType[uid=minecraft:crafting, recipeClass=class net.minecraft.world.item.crafting.RecipeHolder]
[15Jan2026 17:33:00.983] [Render thread/DEBUG] [mezz.jei.library.recipes.RecipeManagerInternal/]: Adding recipes: RecipeType[uid=minecraft:stonecutting, recipeClass=class net.minecraft.world.item.crafting.RecipeHolder]
[15Jan2026 17:33:00.984] [Render thread/DEBUG] [mezz.jei.library.recipes.RecipeManagerInternal/]: Adding recipes: RecipeType[uid=minecraft:smelting, recipeClass=class net.minecraft.world.item.crafting.RecipeHolder]
[15Jan2026 17:33:00.984] [Render thread/DEBUG] [mezz.jei.library.recipes.RecipeManagerInternal/]: Adding recipes: RecipeType[uid=minecraft:smoking, recipeClass=class net.minecraft.world.item.crafting.RecipeHolder]
[15Jan2026 17:33:00.984] [Render thread/DEBUG] [mezz.jei.library.recipes.RecipeManagerInternal/]: Adding recipes: RecipeType[uid=minecraft:blasting, recipeClass=class net.minecraft.world.item.crafting.RecipeHolder]
[15Jan2026 17:33:00.985] [Render thread/DEBUG] [mezz.jei.library.recipes.RecipeManagerInternal/]: Adding recipes: RecipeType[uid=minecraft:campfire_cooking, recipeClass=class net.minecraft.world.item.crafting.RecipeHolder]
[15Jan2026 17:33:00.990] [Render thread/DEBUG] [mezz.jei.library.recipes.RecipeManagerInternal/]: Adding recipes: RecipeType[uid=minecraft:fuel, recipeClass=interface mezz.jei.api.recipe.vanilla.IJeiFuelingRecipe]
[15Jan2026 17:33:00.998] [Render thread/DEBUG] [mezz.jei.library.recipes.RecipeManagerInternal/]: Adding recipes: RecipeType[uid=minecraft:anvil, recipeClass=interface mezz.jei.api.recipe.vanilla.IJeiAnvilRecipe]
[15Jan2026 17:33:01.005] [Render thread/DEBUG] [mezz.jei.library.recipes.RecipeManagerInternal/]: Adding recipes: RecipeType[uid=minecraft:smithing, recipeClass=class net.minecraft.world.item.crafting.RecipeHolder]
[15Jan2026 17:33:01.010] [Render thread/DEBUG] [mezz.jei.library.recipes.RecipeManagerInternal/]: Adding recipes: RecipeType[uid=minecraft:compostable, recipeClass=interface mezz.jei.api.recipe.vanilla.IJeiCompostingRecipe]
[15Jan2026 17:33:01.031] [Render thread/DEBUG] [mezz.jei.library.recipes.RecipeManagerInternal/]: Adding recipes: RecipeType[uid=minecraft:brewing, recipeClass=interface mezz.jei.api.recipe.vanilla.IJeiBrewingRecipe]
[15Jan2026 17:33:01.166] [Render thread/DEBUG] [mezz.jei.library.recipes.RecipeManagerInternal/]: Adding recipes: RecipeType[uid=minecraft:grindstone, recipeClass=interface mezz.jei.api.recipe.vanilla.IJeiGrindstoneRecipe]
[15Jan2026 17:33:01.170] [Render thread/INFO] [mezz.jei.library.load.PluginCallerTimerRunnable/]: Registering recipes: jei:minecraft took 210.7 milliseconds
[15Jan2026 17:33:01.170] [Render thread/DEBUG] [mezz.jei.library.load.PluginCallerTimerRunnable/]: Registering recipes: central_heater:jei...
[15Jan2026 17:33:01.170] [Render thread/DEBUG] [mezz.jei.library.recipes.RecipeManagerInternal/]: Adding recipes: RecipeType[uid=central_heater:haunting, recipeClass=class net.minecraft.world.item.crafting.RecipeHolder]
[15Jan2026 17:33:01.171] [Render thread/DEBUG] [mezz.jei.library.recipes.RecipeManagerInternal/]: Adding recipes: RecipeType[uid=central_heater:smoldering, recipeClass=class net.minecraft.world.item.crafting.RecipeHolder]
[15Jan2026 17:33:01.173] [Render thread/DEBUG] [mezz.jei.library.recipes.RecipeManagerInternal/]: Recipe not added because the recipe category cannot handle it: Minecraft minecraft:cauldron_potion_brewing class net.minecraft.world.item.crafting.RecipeHolder {
  Outputs:
  Inputs:
  Catalysts:
}
[15Jan2026 17:33:01.174] [Render thread/DEBUG] [mezz.jei.library.recipes.RecipeManagerInternal/]: Adding recipes: RecipeType[uid=central_heater:smoldering, recipeClass=class net.minecraft.world.item.crafting.RecipeHolder]
[15Jan2026 17:33:01.177] [Render thread/DEBUG] [mezz.jei.library.recipes.RecipeManagerInternal/]: Adding recipes: RecipeType[uid=central_heater:block_smoldering, recipeClass=class net.minecraft.world.item.crafting.RecipeHolder]
[15Jan2026 17:33:01.183] [Render thread/DEBUG] [mezz.jei.library.recipes.RecipeManagerInternal/]: Adding recipes: RecipeType[uid=central_heater:nether_fueling, recipeClass=interface mezz.jei.api.recipe.vanilla.IJeiFuelingRecipe]
[15Jan2026 17:33:01.185] [Render thread/DEBUG] [mezz.jei.library.recipes.RecipeManagerInternal/]: Adding recipes: RecipeType[uid=central_heater:fire_ash_drop_chance, recipeClass=class com.minecart.central_heater.jei_compat.misc.AshDropChanceRecipe]
[15Jan2026 17:33:01.186] [Render thread/DEBUG] [mezz.jei.library.recipes.RecipeManagerInternal/]: Adding recipes: RecipeType[uid=central_heater:scorched_dust_drop_chance, recipeClass=class com.minecart.central_heater.jei_compat.misc.AshDropChanceRecipe]
[15Jan2026 17:33:01.187] [Render thread/DEBUG] [mezz.jei.library.recipes.RecipeManagerInternal/]: Adding recipes: RecipeType[uid=minecraft:anvil, recipeClass=interface mezz.jei.api.recipe.vanilla.IJeiAnvilRecipe]
[15Jan2026 17:33:01.188] [Render thread/DEBUG] [mezz.jei.library.recipes.RecipeManagerInternal/]: Adding recipes: RecipeType[uid=jei:information, recipeClass=interface mezz.jei.api.recipe.vanilla.IJeiIngredientInfoRecipe]
[15Jan2026 17:33:01.188] [Render thread/DEBUG] [mezz.jei.library.recipes.RecipeManagerInternal/]: Adding recipes: RecipeType[uid=jei:information, recipeClass=interface mezz.jei.api.recipe.vanilla.IJeiIngredientInfoRecipe]
[15Jan2026 17:33:01.188] [Render thread/DEBUG] [mezz.jei.library.recipes.RecipeManagerInternal/]: Adding recipes: RecipeType[uid=jei:information, recipeClass=interface mezz.jei.api.recipe.vanilla.IJeiIngredientInfoRecipe]
[15Jan2026 17:33:01.188] [Render thread/DEBUG] [mezz.jei.library.recipes.RecipeManagerInternal/]: Adding recipes: RecipeType[uid=jei:information, recipeClass=interface mezz.jei.api.recipe.vanilla.IJeiIngredientInfoRecipe]
[15Jan2026 17:33:01.188] [Render thread/DEBUG] [mezz.jei.library.recipes.RecipeManagerInternal/]: Adding recipes: RecipeType[uid=jei:information, recipeClass=interface mezz.jei.api.recipe.vanilla.IJeiIngredientInfoRecipe]
[15Jan2026 17:33:01.188] [Render thread/DEBUG] [mezz.jei.library.recipes.RecipeManagerInternal/]: Adding recipes: RecipeType[uid=jei:information, recipeClass=interface mezz.jei.api.recipe.vanilla.IJeiIngredientInfoRecipe]
[15Jan2026 17:33:01.188] [Render thread/DEBUG] [mezz.jei.library.recipes.RecipeManagerInternal/]: Adding recipes: RecipeType[uid=jei:information, recipeClass=interface mezz.jei.api.recipe.vanilla.IJeiIngredientInfoRecipe]
[15Jan2026 17:33:01.188] [Render thread/INFO] [mezz.jei.library.load.PluginCallerTimerRunnable/]: Registering recipes: central_heater:jei took 18.07 milliseconds
[15Jan2026 17:33:01.189] [Render thread/DEBUG] [mezz.jei.library.load.PluginCallerTimerRunnable/]: Registering recipes: jei:neoforge_gui...
[15Jan2026 17:33:01.189] [Render thread/DEBUG] [mezz.jei.library.load.PluginCallerTimerRunnable/]: Registering recipes: jei:debug...
[15Jan2026 17:33:01.189] [Render thread/DEBUG] [mezz.jei.library.load.PluginCallerTimerRunnable/]: Registering recipes: jei:gui...
[15Jan2026 17:33:01.189] [Render thread/DEBUG] [mezz.jei.library.load.PluginCallerTimerRunnable/]: Registering recipes: jei:internal...
[15Jan2026 17:33:01.189] [Render thread/DEBUG] [mezz.jei.library.plugins.jei.tags.TagInfoRecipeMaker/]: No valid ingredients found for minecraft:fluid tag: Gaseous (c:gaseous)
[15Jan2026 17:33:01.189] [Render thread/DEBUG] [mezz.jei.library.plugins.jei.tags.TagInfoRecipeMaker/]: No valid ingredients found for minecraft:fluid tag: Suspicious Stew (c:suspicious_stew)
[15Jan2026 17:33:01.189] [Render thread/DEBUG] [mezz.jei.library.plugins.jei.tags.TagInfoRecipeMaker/]: No valid ingredients found for minecraft:fluid tag: Milk (c:milk)
[15Jan2026 17:33:01.190] [Render thread/DEBUG] [mezz.jei.library.plugins.jei.tags.TagInfoRecipeMaker/]: No valid ingredients found for minecraft:fluid tag: Honey (c:honey)
[15Jan2026 17:33:01.190] [Render thread/DEBUG] [mezz.jei.library.plugins.jei.tags.TagInfoRecipeMaker/]: No valid ingredients found for minecraft:fluid tag: Beetroot Soup (c:beetroot_soup)
[15Jan2026 17:33:01.190] [Render thread/DEBUG] [mezz.jei.library.plugins.jei.tags.TagInfoRecipeMaker/]: No valid ingredients found for minecraft:fluid tag: Potion (c:potion)
[15Jan2026 17:33:01.190] [Render thread/DEBUG] [mezz.jei.library.plugins.jei.tags.TagInfoRecipeMaker/]: No valid ingredients found for minecraft:fluid tag: Experience (c:experience)
[15Jan2026 17:33:01.190] [Render thread/DEBUG] [mezz.jei.library.plugins.jei.tags.TagInfoRecipeMaker/]: No valid ingredients found for minecraft:fluid tag: Mushroom Stew (c:mushroom_stew)
[15Jan2026 17:33:01.190] [Render thread/DEBUG] [mezz.jei.library.plugins.jei.tags.TagInfoRecipeMaker/]: No valid ingredients found for minecraft:fluid tag: Rabbit Stew (c:rabbit_stew)
[15Jan2026 17:33:01.190] [Render thread/DEBUG] [mezz.jei.library.recipes.RecipeManagerInternal/]: Adding recipes: RecipeType[uid=minecraft:tag_recipes/fluid, recipeClass=interface mezz.jei.library.plugins.jei.tags.ITagInfoRecipe]
[15Jan2026 17:33:01.190] [Render thread/DEBUG] [mezz.jei.library.plugins.jei.tags.TagInfoRecipeMaker/]: No valid ingredients found for minecraft:block tag: #minecraft:candle_cakes (minecraft:candle_cakes)
[15Jan2026 17:33:01.190] [Render thread/DEBUG] [mezz.jei.library.plugins.jei.tags.TagInfoRecipeMaker/]: No valid ingredients found for minecraft:block tag: #minecraft:fire (minecraft:fire)
[15Jan2026 17:33:01.190] [Render thread/DEBUG] [mezz.jei.library.plugins.jei.tags.TagInfoRecipeMaker/]: No valid ingredients found for minecraft:block tag: Needs Netherite Tools (neoforge:needs_netherite_tool)
[15Jan2026 17:33:01.190] [Render thread/DEBUG] [mezz.jei.library.plugins.jei.tags.TagInfoRecipeMaker/]: No valid ingredients found for minecraft:block tag: Enderman Place On Blacklist (neoforge:enderman_place_on_blacklist)
[15Jan2026 17:33:01.191] [Render thread/DEBUG] [mezz.jei.library.plugins.jei.tags.TagInfoRecipeMaker/]: No valid ingredients found for minecraft:block tag: Relocation Not Supported (c:relocation_not_supported)
[15Jan2026 17:33:01.191] [Render thread/DEBUG] [mezz.jei.library.plugins.jei.tags.TagInfoRecipeMaker/]: No valid ingredients found for minecraft:block tag: #minecraft:incorrect_for_netherite_tool (minecraft:incorrect_for_netherite_tool)
[15Jan2026 17:33:01.191] [Render thread/DEBUG] [mezz.jei.library.plugins.jei.tags.TagInfoRecipeMaker/]: No valid ingredients found for minecraft:block tag: #minecraft:air (minecraft:air)
[15Jan2026 17:33:01.191] [Render thread/DEBUG] [mezz.jei.library.plugins.jei.tags.TagInfoRecipeMaker/]: No valid ingredients found for minecraft:block tag: Ropes (c:ropes)
[15Jan2026 17:33:01.192] [Render thread/DEBUG] [mezz.jei.library.plugins.jei.tags.TagInfoRecipeMaker/]: No valid ingredients found for minecraft:block tag: #minecraft:strider_warm_blocks (minecraft:strider_warm_blocks)
[15Jan2026 17:33:01.192] [Render thread/DEBUG] [mezz.jei.library.plugins.jei.tags.TagInfoRecipeMaker/]: No valid ingredients found for minecraft:block tag: #minecraft:incorrect_for_diamond_tool (minecraft:incorrect_for_diamond_tool)
[15Jan2026 17:33:01.192] [Render thread/DEBUG] [mezz.jei.library.plugins.jei.tags.TagInfoRecipeMaker/]: No valid ingredients found for minecraft:block tag: #minecraft:portals (minecraft:portals)
[15Jan2026 17:33:01.192] [Render thread/DEBUG] [mezz.jei.library.plugins.jei.tags.TagInfoRecipeMaker/]: No valid ingredients found for minecraft:block tag: #minecraft:invalid_spawn_inside (minecraft:invalid_spawn_inside)
[15Jan2026 17:33:01.192] [Render thread/DEBUG] [mezz.jei.library.recipes.RecipeManagerInternal/]: Adding recipes: RecipeType[uid=minecraft:tag_recipes/block, recipeClass=interface mezz.jei.library.plugins.jei.tags.ITagInfoRecipe]
[15Jan2026 17:33:01.202] [Render thread/DEBUG] [mezz.jei.library.plugins.jei.tags.TagInfoRecipeMaker/]: No valid ingredients found for minecraft:item tag: Wrenches (c:tools/wrench)
[15Jan2026 17:33:01.202] [Render thread/DEBUG] [mezz.jei.library.plugins.jei.tags.TagInfoRecipeMaker/]: No valid ingredients found for minecraft:item tag: Juice (c:drinks/juice)
[15Jan2026 17:33:01.202] [Render thread/DEBUG] [mezz.jei.library.plugins.jei.tags.TagInfoRecipeMaker/]: No valid ingredients found for minecraft:item tag: Candies (c:foods/candy)
[15Jan2026 17:33:01.203] [Render thread/DEBUG] [mezz.jei.library.plugins.jei.tags.TagInfoRecipeMaker/]: No valid ingredients found for minecraft:item tag: Water (c:drinks/water)
[15Jan2026 17:33:01.203] [Render thread/DEBUG] [mezz.jei.library.plugins.jei.tags.TagInfoRecipeMaker/]: No valid ingredients found for minecraft:item tag: Ropes (c:ropes)
[15Jan2026 17:33:01.203] [Render thread/DEBUG] [mezz.jei.library.recipes.RecipeManagerInternal/]: Adding recipes: RecipeType[uid=minecraft:tag_recipes/item, recipeClass=interface mezz.jei.library.plugins.jei.tags.ITagInfoRecipe]
[15Jan2026 17:33:01.210] [Render thread/INFO] [mezz.jei.library.load.PluginCallerTimerRunnable/]: Registering recipes: jei:internal took 20.87 milliseconds
[15Jan2026 17:33:01.210] [Render thread/INFO] [mezz.jei.library.load.PluginCaller/]: Registering recipes took 250.3 milliseconds
[15Jan2026 17:33:01.213] [Render thread/INFO] [mezz.jei.library.load.PluginCaller/]: Registering recipes transfer handlers...
[15Jan2026 17:33:01.214] [Render thread/DEBUG] [mezz.jei.library.load.PluginCallerTimerRunnable/]: Registering recipes transfer handlers: jei:minecraft...
[15Jan2026 17:33:01.215] [Render thread/DEBUG] [mezz.jei.library.load.PluginCallerTimerRunnable/]: Registering recipes transfer handlers: central_heater:jei...
[15Jan2026 17:33:01.215] [Render thread/DEBUG] [mezz.jei.library.load.PluginCallerTimerRunnable/]: Registering recipes transfer handlers: jei:neoforge_gui...
[15Jan2026 17:33:01.215] [Render thread/DEBUG] [mezz.jei.library.load.PluginCallerTimerRunnable/]: Registering recipes transfer handlers: jei:debug...
[15Jan2026 17:33:01.215] [Render thread/DEBUG] [mezz.jei.library.load.PluginCallerTimerRunnable/]: Registering recipes transfer handlers: jei:gui...
[15Jan2026 17:33:01.215] [Render thread/DEBUG] [mezz.jei.library.load.PluginCallerTimerRunnable/]: Registering recipes transfer handlers: jei:internal...
[15Jan2026 17:33:01.215] [Render thread/INFO] [mezz.jei.library.load.PluginCaller/]: Registering recipes transfer handlers took 1.492 milliseconds
[15Jan2026 17:33:01.220] [Render thread/INFO] [mezz.jei.core.util.LoggedTimer/]: Building runtime...
[15Jan2026 17:33:01.222] [Render thread/INFO] [mezz.jei.library.load.PluginCaller/]: Registering gui handlers...
[15Jan2026 17:33:01.223] [Render thread/DEBUG] [mezz.jei.library.load.PluginCallerTimerRunnable/]: Registering gui handlers: jei:minecraft...
[15Jan2026 17:33:01.223] [Render thread/DEBUG] [mezz.jei.library.load.PluginCallerTimerRunnable/]: Registering gui handlers: central_heater:jei...
[15Jan2026 17:33:01.223] [Render thread/DEBUG] [mezz.jei.library.load.PluginCallerTimerRunnable/]: Registering gui handlers: jei:neoforge_gui...
[15Jan2026 17:33:01.223] [Render thread/DEBUG] [mezz.jei.library.load.PluginCallerTimerRunnable/]: Registering gui handlers: jei:debug...
[15Jan2026 17:33:01.223] [Render thread/DEBUG] [mezz.jei.library.load.PluginCallerTimerRunnable/]: Registering gui handlers: jei:gui...
[15Jan2026 17:33:01.225] [Render thread/DEBUG] [mezz.jei.library.load.PluginCallerTimerRunnable/]: Registering gui handlers: jei:internal...
[15Jan2026 17:33:01.225] [Render thread/INFO] [mezz.jei.library.load.PluginCaller/]: Registering gui handlers took 2.546 milliseconds
[15Jan2026 17:33:01.226] [Render thread/INFO] [mezz.jei.library.load.PluginCaller/]: Registering Runtime...
[15Jan2026 17:33:01.226] [Render thread/DEBUG] [mezz.jei.library.load.PluginCallerTimerRunnable/]: Registering Runtime: jei:minecraft...
[15Jan2026 17:33:01.226] [Render thread/DEBUG] [mezz.jei.library.load.PluginCallerTimerRunnable/]: Registering Runtime: central_heater:jei...
[15Jan2026 17:33:01.226] [Render thread/DEBUG] [mezz.jei.library.load.PluginCallerTimerRunnable/]: Registering Runtime: jei:neoforge_gui...
[15Jan2026 17:33:01.227] [Render thread/INFO] [mezz.jei.gui.startup.JeiGuiStarter/]: Starting JEI GUI
[15Jan2026 17:33:01.227] [Render thread/INFO] [mezz.jei.core.util.LoggedTimer/]: Building ingredient list...
[15Jan2026 17:33:01.227] [Render thread/DEBUG] [mezz.jei.gui.ingredients.IngredientListElementFactory/]: Registering ingredients: ItemStack
[15Jan2026 17:33:01.250] [Render thread/DEBUG] [mezz.jei.gui.ingredients.IngredientListElementFactory/]: Registering ingredients: FluidStack
[15Jan2026 17:33:01.250] [Render thread/INFO] [mezz.jei.core.util.LoggedTimer/]: Building ingredient list took 22.93 milliseconds
[15Jan2026 17:33:01.250] [Render thread/INFO] [mezz.jei.core.util.LoggedTimer/]: Building ingredient filter...
[15Jan2026 17:33:01.264] [Render thread/INFO] [mezz.jei.gui.ingredients.IngredientFilter/]: Adding 1761 ingredients
[15Jan2026 17:33:01.379] [Render thread/INFO] [mezz.jei.gui.ingredients.IngredientFilter/]: Added 1761 ingredients
[15Jan2026 17:33:01.380] [Render thread/INFO] [mezz.jei.core.util.LoggedTimer/]: Building ingredient filter took 129.3 milliseconds
[15Jan2026 17:33:01.386] [Render thread/DEBUG] [mezz.jei.gui.config.LookupHistoryJsonConfig/]: Loaded lookup history config from file: /Users/fengyue.john.zhu/Documents/central_heater/run/config/jei/world/local/New_World/lookupHistory.json
[15Jan2026 17:33:01.397] [Render thread/DEBUG] [mezz.jei.gui.config.BookmarkJsonConfig/]: Loaded bookmarks config from file: /Users/fengyue.john.zhu/Documents/central_heater/run/config/jei/world/local/New_World/bookmarks.json
[15Jan2026 17:33:01.398] [Render thread/DEBUG] [mezz.jei.gui.config.BookmarkJsonConfig/]: Loaded legacy compressed json bookmarks config from file: /Users/fengyue.john.zhu/Documents/central_heater/run/config/jei/world/local/New_World/bookmarks.json
[15Jan2026 17:33:01.408] [Render thread/INFO] [mezz.jei.library.load.PluginCallerTimerRunnable/]: Registering Runtime: jei:neoforge_gui took 181.8 milliseconds
[15Jan2026 17:33:01.408] [Render thread/DEBUG] [mezz.jei.library.load.PluginCallerTimerRunnable/]: Registering Runtime: jei:debug...
[15Jan2026 17:33:01.408] [Render thread/DEBUG] [mezz.jei.library.load.PluginCallerTimerRunnable/]: Registering Runtime: jei:gui...
[15Jan2026 17:33:01.408] [Render thread/DEBUG] [mezz.jei.library.load.PluginCallerTimerRunnable/]: Registering Runtime: jei:internal...
[15Jan2026 17:33:01.408] [Render thread/INFO] [mezz.jei.library.load.PluginCaller/]: Registering Runtime took 182.2 milliseconds
[15Jan2026 17:33:01.409] [Render thread/INFO] [mezz.jei.core.util.LoggedTimer/]: Building runtime took 188.5 milliseconds
[15Jan2026 17:33:01.409] [Render thread/INFO] [mezz.jei.library.load.PluginCaller/]: Sending Runtime...
[15Jan2026 17:33:01.409] [Render thread/DEBUG] [mezz.jei.library.load.PluginCallerTimerRunnable/]: Sending Runtime: jei:minecraft...
[15Jan2026 17:33:01.409] [Render thread/DEBUG] [mezz.jei.library.load.PluginCallerTimerRunnable/]: Sending Runtime: central_heater:jei...
[15Jan2026 17:33:01.409] [Render thread/DEBUG] [mezz.jei.library.load.PluginCallerTimerRunnable/]: Sending Runtime: jei:neoforge_gui...
[15Jan2026 17:33:01.409] [Render thread/DEBUG] [mezz.jei.library.load.PluginCallerTimerRunnable/]: Sending Runtime: jei:debug...
[15Jan2026 17:33:01.409] [Render thread/DEBUG] [mezz.jei.library.load.PluginCallerTimerRunnable/]: Sending Runtime: jei:gui...
[15Jan2026 17:33:01.409] [Render thread/DEBUG] [mezz.jei.library.load.PluginCallerTimerRunnable/]: Sending Runtime: jei:internal...
[15Jan2026 17:33:01.409] [Render thread/INFO] [mezz.jei.library.load.PluginCaller/]: Sending Runtime took 262.5 microseconds
[15Jan2026 17:33:01.409] [Render thread/INFO] [mezz.jei.core.util.LoggedTimer/]: Starting JEI took 557.2 milliseconds
[15Jan2026 17:33:01.415] [Server thread/WARN] [net.minecraft.server.level.ServerEntity/]: Fetching packet for removed entity ItemEntity['Air'/16, l='ServerLevel[New World]', x=-10.50, y=72.80, z=20.50, removed=DISCARDED]
[15Jan2026 17:33:01.415] [Server thread/WARN] [net.minecraft.server.level.ServerEntity/]: Fetching packet for removed entity ItemEntity['Air'/17, l='ServerLevel[New World]', x=-10.50, y=72.80, z=20.50, removed=DISCARDED]
[15Jan2026 17:33:01.415] [Server thread/WARN] [net.minecraft.server.level.ServerEntity/]: Fetching packet for removed entity ItemEntity['Air'/18, l='ServerLevel[New World]', x=-10.50, y=72.80, z=20.50, removed=DISCARDED]
[15Jan2026 17:33:01.416] [Server thread/WARN] [net.minecraft.server.level.ServerEntity/]: Fetching packet for removed entity ItemEntity['Air'/15, l='ServerLevel[New World]', x=-10.50, y=72.80, z=20.50, removed=DISCARDED]
[15Jan2026 17:33:01.418] [Render thread/INFO] [net.minecraft.advancements.AdvancementTree/]: Loaded 24 advancements
[15Jan2026 17:33:02.858] [JEI Deduplicating Run Executor 0/DEBUG] [mezz.jei.common.config.file.ConfigSerializer/]: Saving config file: /Users/fengyue.john.zhu/Documents/central_heater/run/config/jei/jei-mod-id-format.ini
[15Jan2026 17:33:02.860] [JEI Deduplicating Run Executor 0/DEBUG] [mezz.jei.common.config.file.ConfigSerializer/]: Saving config file: /Users/fengyue.john.zhu/Documents/central_heater/run/config/jei/jei-colors.ini
[15Jan2026 17:33:02.861] [JEI Deduplicating Run Executor 0/DEBUG] [mezz.jei.common.config.file.ConfigSerializer/]: Saving config file: /Users/fengyue.john.zhu/Documents/central_heater/run/config/jei/jei-client.ini
[15Jan2026 17:33:02.862] [JEI Deduplicating Run Executor 0/DEBUG] [mezz.jei.common.config.file.ConfigSerializer/]: Saving config file: /Users/fengyue.john.zhu/Documents/central_heater/run/config/jei/jei-debug.ini
[15Jan2026 17:33:05.215] [JEI Config File Watcher/DEBUG] [mezz.jei.common.config.file.FileWatcherThread/]: Detected changes in files:
/Users/fengyue.john.zhu/Documents/central_heater/run/config/jei/jei-mod-id-format.ini
/Users/fengyue.john.zhu/Documents/central_heater/run/config/jei/jei-colors.ini
/Users/fengyue.john.zhu/Documents/central_heater/run/config/jei/jei-client.ini
/Users/fengyue.john.zhu/Documents/central_heater/run/config/jei/jei-debug.ini
[15Jan2026 17:33:05.222] [Render thread/DEBUG] [mezz.jei.common.config.file.ConfigSerializer/]: Skipping loading config file, it was just saved by us: /Users/fengyue.john.zhu/Documents/central_heater/run/config/jei/jei-client.ini
[15Jan2026 17:33:05.223] [Render thread/DEBUG] [mezz.jei.common.config.file.ConfigSerializer/]: Skipping loading config file, it was just saved by us: /Users/fengyue.john.zhu/Documents/central_heater/run/config/jei/jei-debug.ini
[15Jan2026 17:33:16.118] [JEI Deduplicating Run Executor 0/DEBUG] [mezz.jei.common.config.file.ConfigSerializer/]: Saving config file: /Users/fengyue.john.zhu/Documents/central_heater/run/config/jei/jei-client.ini
[15Jan2026 17:33:16.491] [Server thread/INFO] [net.minecraft.server.MinecraftServer/]: [Dev: Set the target tick rate to 1000.0 per second]
[15Jan2026 17:33:16.499] [Render thread/INFO] [net.minecraft.client.gui.components.ChatComponent/]: [System] [CHAT] Set the target tick rate to 1000.0 per second
[15Jan2026 17:33:17.214] [JEI Config File Watcher/DEBUG] [mezz.jei.common.config.file.FileWatcherThread/]: Detected changes in files:
/Users/fengyue.john.zhu/Documents/central_heater/run/config/jei/jei-client.ini
[15Jan2026 17:33:17.953] [Server thread/WARN] [net.minecraft.server.MinecraftServer/]: Can't keep up! Is the server overloaded? Running 1021ms or 1021 ticks behind
[15Jan2026 17:33:18.073] [Server thread/INFO] [net.minecraft.client.server.IntegratedServer/]: Saving and pausing game...
[15Jan2026 17:33:18.083] [Server thread/INFO] [net.minecraft.server.MinecraftServer/]: Saving chunks for level 'ServerLevel[New World]'/minecraft:overworld
[15Jan2026 17:33:18.104] [Server thread/INFO] [net.minecraft.server.MinecraftServer/]: Saving chunks for level 'ServerLevel[New World]'/minecraft:the_end
[15Jan2026 17:33:18.104] [Server thread/INFO] [net.minecraft.server.MinecraftServer/]: Saving chunks for level 'ServerLevel[New World]'/minecraft:the_nether
[15Jan2026 17:33:18.105] [Server thread/DEBUG] [net.neoforged.neoforge.common.CommonHooks/WP]: Gathered mod list to write to world save New World
[15Jan2026 17:33:18.504] [Render thread/DEBUG] [mezz.jei.common.config.file.ConfigSerializer/]: Skipping loading config file, it was just saved by us: /Users/fengyue.john.zhu/Documents/central_heater/run/config/jei/jei-client.ini
[15Jan2026 17:33:36.900] [Server thread/DEBUG] [net.neoforged.neoforge.common.CommonHooks/WP]: Gathered mod list to write to world save New World
[15Jan2026 17:33:41.668] [Server thread/WARN] [net.minecraft.server.MinecraftServer/]: Can't keep up! Is the server overloaded? Running 13615ms or 13615 ticks behind
[15Jan2026 17:33:53.448] [Server thread/INFO] [net.minecraft.server.MinecraftServer/]: Dev has completed the challenge [Ancient Alchemy]
[15Jan2026 17:33:53.457] [Render thread/INFO] [net.minecraft.client.gui.components.ChatComponent/]: [System] [CHAT] Dev has completed the challenge [Ancient Alchemy]
[15Jan2026 17:33:53.457] [Render thread/INFO] [net.minecraft.advancements.AdvancementTree/]: Loaded 24 advancements
[15Jan2026 17:33:59.354] [Server thread/INFO] [net.minecraft.client.server.IntegratedServer/]: Saving and pausing game...
[15Jan2026 17:33:59.358] [Server thread/INFO] [net.minecraft.server.MinecraftServer/]: Saving chunks for level 'ServerLevel[New World]'/minecraft:overworld
[15Jan2026 17:33:59.416] [Server thread/INFO] [net.minecraft.server.MinecraftServer/]: Saving chunks for level 'ServerLevel[New World]'/minecraft:the_end
[15Jan2026 17:33:59.416] [Server thread/INFO] [net.minecraft.server.MinecraftServer/]: Saving chunks for level 'ServerLevel[New World]'/minecraft:the_nether
[15Jan2026 17:33:59.416] [Server thread/DEBUG] [net.neoforged.neoforge.common.CommonHooks/WP]: Gathered mod list to write to world save New World
[15Jan2026 17:33:59.420] [Server thread/WARN] [net.minecraft.server.MinecraftServer/]: Can't keep up! Is the server overloaded? Running 7652ms or 7652 ticks behind
[15Jan2026 17:34:06.748] [Render thread/INFO] [net.minecraft.advancements.AdvancementTree/]: Loaded 25 advancements
[15Jan2026 17:34:09.522] [Render thread/INFO] [net.minecraft.advancements.AdvancementTree/]: Loaded 26 advancements
[15Jan2026 17:34:12.707] [worldgen/DEBUG] [mixin/]: Mixing WorldGenRegionMixin from central_heater.mixins.json into net.minecraft.server.level.WorldGenRegion
[15Jan2026 17:34:22.574] [Server thread/WARN] [net.minecraft.server.MinecraftServer/]: Can't keep up! Is the server overloaded? Running 13055ms or 13055 ticks behind
[15Jan2026 17:34:33.503] [Render thread/DEBUG] [mezz.jei.common.config.file.ConfigSerializer/]: Skipping loading config file, it was just saved by us: /Users/fengyue.john.zhu/Documents/central_heater/run/config/jei/jei-mod-id-format.ini
[15Jan2026 17:34:38.032] [JEI Deduplicating Run Executor 0/DEBUG] [mezz.jei.gui.config.LookupHistoryJsonConfig/]: Saved lookup history config to file: /Users/fengyue.john.zhu/Documents/central_heater/run/config/jei/world/local/New_World/lookupHistory.json
[15Jan2026 17:34:47.554] [Server thread/WARN] [net.minecraft.server.MinecraftServer/]: Can't keep up! Is the server overloaded? Running 14881ms or 14881 ticks behind
[15Jan2026 17:34:51.696] [Server thread/INFO] [net.minecraft.server.MinecraftServer/]: Dev has made the advancement [Artificial Diamond]
[15Jan2026 17:34:51.705] [Render thread/INFO] [net.minecraft.client.gui.components.ChatComponent/]: [System] [CHAT] Dev has made the advancement [Artificial Diamond]
[15Jan2026 17:34:51.706] [Render thread/INFO] [net.minecraft.advancements.AdvancementTree/]: Loaded 26 advancements
[15Jan2026 17:35:13.800] [Server thread/WARN] [net.minecraft.server.MinecraftServer/]: Can't keep up! Is the server overloaded? Running 16146ms or 16146 ticks behind
[15Jan2026 17:35:13.847] [JEI Deduplicating Run Executor 0/DEBUG] [mezz.jei.gui.config.LookupHistoryJsonConfig/]: Saved lookup history config to file: /Users/fengyue.john.zhu/Documents/central_heater/run/config/jei/world/local/New_World/lookupHistory.json
[15Jan2026 17:35:26.855] [Server thread/INFO] [net.minecraft.client.server.IntegratedServer/]: Saving and pausing game...
[15Jan2026 17:35:26.859] [Server thread/INFO] [net.minecraft.server.MinecraftServer/]: Saving chunks for level 'ServerLevel[New World]'/minecraft:overworld
[15Jan2026 17:35:27.027] [Server thread/INFO] [net.minecraft.server.MinecraftServer/]: Saving chunks for level 'ServerLevel[New World]'/minecraft:the_end
[15Jan2026 17:35:27.027] [Server thread/INFO] [net.minecraft.server.MinecraftServer/]: Saving chunks for level 'ServerLevel[New World]'/minecraft:the_nether
[15Jan2026 17:35:27.028] [Server thread/DEBUG] [net.neoforged.neoforge.common.CommonHooks/WP]: Gathered mod list to write to world save New World
[15Jan2026 17:35:27.032] [Server thread/WARN] [net.minecraft.server.MinecraftServer/]: Can't keep up! Is the server overloaded? Running 3132ms or 3132 ticks behind
[15Jan2026 17:35:29.841] [Server thread/INFO] [net.minecraft.client.server.IntegratedServer/]: Saving and pausing game...
[15Jan2026 17:35:29.843] [Server thread/INFO] [net.minecraft.server.MinecraftServer/]: Saving chunks for level 'ServerLevel[New World]'/minecraft:overworld
[15Jan2026 17:35:29.847] [Server thread/INFO] [net.minecraft.server.MinecraftServer/]: Saving chunks for level 'ServerLevel[New World]'/minecraft:the_end
[15Jan2026 17:35:29.850] [Server thread/INFO] [net.minecraft.server.MinecraftServer/]: Saving chunks for level 'ServerLevel[New World]'/minecraft:the_nether
[15Jan2026 17:35:29.851] [Server thread/DEBUG] [net.neoforged.neoforge.common.CommonHooks/WP]: Gathered mod list to write to world save New World
[15Jan2026 17:35:33.285] [Server thread/INFO] [net.minecraft.client.server.IntegratedServer/]: Saving and pausing game...
[15Jan2026 17:35:33.289] [Server thread/INFO] [net.minecraft.server.MinecraftServer/]: Saving chunks for level 'ServerLevel[New World]'/minecraft:overworld
[15Jan2026 17:35:33.291] [Server thread/INFO] [net.minecraft.server.MinecraftServer/]: Saving chunks for level 'ServerLevel[New World]'/minecraft:the_end
[15Jan2026 17:35:33.292] [Server thread/INFO] [net.minecraft.server.MinecraftServer/]: Saving chunks for level 'ServerLevel[New World]'/minecraft:the_nether
[15Jan2026 17:35:33.292] [Server thread/DEBUG] [net.neoforged.neoforge.common.CommonHooks/WP]: Gathered mod list to write to world save New World
[15Jan2026 17:35:41.404] [Server thread/WARN] [net.minecraft.server.MinecraftServer/]: Can't keep up! Is the server overloaded? Running 1021ms or 1021 ticks behind
[15Jan2026 17:35:45.311] [Server thread/INFO] [net.minecraft.server.MinecraftServer/]: [Dev: Set the target tick rate to 20.0 per second]
[15Jan2026 17:35:45.312] [Render thread/INFO] [net.minecraft.client.gui.components.ChatComponent/]: [System] [CHAT] Set the target tick rate to 20.0 per second
[15Jan2026 17:35:59.009] [JEI Deduplicating Run Executor 0/DEBUG] [mezz.jei.gui.config.LookupHistoryJsonConfig/]: Saved lookup history config to file: /Users/fengyue.john.zhu/Documents/central_heater/run/config/jei/world/local/New_World/lookupHistory.json
[15Jan2026 17:36:07.574] [JEI Deduplicating Run Executor 0/DEBUG] [mezz.jei.gui.config.LookupHistoryJsonConfig/]: Saved lookup history config to file: /Users/fengyue.john.zhu/Documents/central_heater/run/config/jei/world/local/New_World/lookupHistory.json
[15Jan2026 17:36:08.349] [Server thread/INFO] [net.minecraft.client.server.IntegratedServer/]: Saving and pausing game...
[15Jan2026 17:36:08.360] [Server thread/INFO] [net.minecraft.server.MinecraftServer/]: Saving chunks for level 'ServerLevel[New World]'/minecraft:overworld
[15Jan2026 17:36:08.366] [Server thread/INFO] [net.minecraft.server.MinecraftServer/]: Saving chunks for level 'ServerLevel[New World]'/minecraft:the_end
[15Jan2026 17:36:08.368] [Server thread/INFO] [net.minecraft.server.MinecraftServer/]: Saving chunks for level 'ServerLevel[New World]'/minecraft:the_nether
[15Jan2026 17:36:08.369] [Server thread/DEBUG] [net.neoforged.neoforge.common.CommonHooks/WP]: Gathered mod list to write to world save New World
[15Jan2026 17:36:19.448] [Server thread/INFO] [net.minecraft.client.server.IntegratedServer/]: Saving and pausing game...
[15Jan2026 17:36:19.452] [Server thread/INFO] [net.minecraft.server.MinecraftServer/]: Saving chunks for level 'ServerLevel[New World]'/minecraft:overworld
[15Jan2026 17:36:19.455] [Server thread/INFO] [net.minecraft.server.MinecraftServer/]: Saving chunks for level 'ServerLevel[New World]'/minecraft:the_end
[15Jan2026 17:36:19.458] [Server thread/INFO] [net.minecraft.server.MinecraftServer/]: Saving chunks for level 'ServerLevel[New World]'/minecraft:the_nether
[15Jan2026 17:36:19.458] [Server thread/DEBUG] [net.neoforged.neoforge.common.CommonHooks/WP]: Gathered mod list to write to world save New World
[15Jan2026 17:36:24.639] [Server thread/INFO] [net.minecraft.server.MinecraftServer/]: Dev has made the advancement [Sturdy Foundation]
[15Jan2026 17:36:24.641] [Render thread/INFO] [net.minecraft.client.gui.components.ChatComponent/]: [System] [CHAT] Dev has made the advancement [Sturdy Foundation]
[15Jan2026 17:36:24.657] [Render thread/INFO] [net.minecraft.advancements.AdvancementTree/]: Loaded 40 advancements
[15Jan2026 17:36:30.098] [Server thread/INFO] [net.minecraft.client.server.IntegratedServer/]: Saving and pausing game...
[15Jan2026 17:36:30.101] [Server thread/INFO] [net.minecraft.server.MinecraftServer/]: Saving chunks for level 'ServerLevel[New World]'/minecraft:overworld
[15Jan2026 17:36:30.104] [Server thread/INFO] [net.minecraft.server.MinecraftServer/]: Saving chunks for level 'ServerLevel[New World]'/minecraft:the_end
[15Jan2026 17:36:30.104] [Server thread/INFO] [net.minecraft.server.MinecraftServer/]: Saving chunks for level 'ServerLevel[New World]'/minecraft:the_nether
[15Jan2026 17:36:30.105] [Server thread/DEBUG] [net.neoforged.neoforge.common.CommonHooks/WP]: Gathered mod list to write to world save New World
[15Jan2026 17:36:30.797] [Render thread/DEBUG] [mezz.jei.neoforge.startup.StartEventObserver/]: JEI StartEventObserver received event: class net.neoforged.neoforge.client.event.ClientPlayerNetworkEvent$LoggingOut
[15Jan2026 17:36:30.797] [Render thread/DEBUG] [mezz.jei.neoforge.startup.StartEventObserver/]: JEI StartEventObserver transitioning state from JEI_STARTED to LISTENING
[15Jan2026 17:36:30.797] [Render thread/INFO] [mezz.jei.library.startup.JeiStarter/]: Stopping JEI
[15Jan2026 17:36:30.798] [Render thread/INFO] [mezz.jei.library.load.PluginCaller/]: Sending Runtime Unavailable...
[15Jan2026 17:36:30.798] [Render thread/DEBUG] [mezz.jei.library.load.PluginCallerTimerRunnable/]: Sending Runtime Unavailable: jei:minecraft...
[15Jan2026 17:36:30.798] [Render thread/DEBUG] [mezz.jei.library.load.PluginCallerTimerRunnable/]: Sending Runtime Unavailable: central_heater:jei...
[15Jan2026 17:36:30.798] [Render thread/DEBUG] [mezz.jei.library.load.PluginCallerTimerRunnable/]: Sending Runtime Unavailable: jei:neoforge_gui...
[15Jan2026 17:36:30.798] [Render thread/INFO] [mezz.jei.neoforge.plugins.neoforge.NeoForgeGuiPlugin/]: Stopping JEI GUI
[15Jan2026 17:36:30.800] [Render thread/DEBUG] [mezz.jei.library.load.PluginCallerTimerRunnable/]: Sending Runtime Unavailable: jei:debug...
[15Jan2026 17:36:30.800] [Render thread/DEBUG] [mezz.jei.library.load.PluginCallerTimerRunnable/]: Sending Runtime Unavailable: jei:gui...
[15Jan2026 17:36:30.800] [Render thread/DEBUG] [mezz.jei.library.load.PluginCallerTimerRunnable/]: Sending Runtime Unavailable: jei:internal...
[15Jan2026 17:36:30.800] [Render thread/INFO] [mezz.jei.library.load.PluginCaller/]: Sending Runtime Unavailable took 2.253 milliseconds
[15Jan2026 17:36:30.854] [Server thread/INFO] [net.minecraft.server.network.ServerGamePacketListenerImpl/]: Dev lost connection: Disconnected
[15Jan2026 17:36:30.854] [Server thread/INFO] [net.minecraft.server.MinecraftServer/]: Dev left the game
[15Jan2026 17:36:30.858] [Server thread/INFO] [net.minecraft.server.network.ServerCommonPacketListenerImpl/]: Stopping singleplayer server as player logged out
[15Jan2026 17:36:30.899] [Server thread/INFO] [net.minecraft.server.MinecraftServer/]: Stopping server
[15Jan2026 17:36:30.899] [Server thread/INFO] [net.minecraft.server.MinecraftServer/]: Saving players
[15Jan2026 17:36:30.899] [Server thread/INFO] [net.minecraft.server.MinecraftServer/]: Saving worlds
[15Jan2026 17:36:31.638] [Server thread/INFO] [net.minecraft.server.MinecraftServer/]: Saving chunks for level 'ServerLevel[New World]'/minecraft:overworld
[15Jan2026 17:36:31.703] [Server thread/INFO] [net.minecraft.server.MinecraftServer/]: Saving chunks for level 'ServerLevel[New World]'/minecraft:the_end
[15Jan2026 17:36:31.708] [Server thread/INFO] [net.minecraft.server.MinecraftServer/]: Saving chunks for level 'ServerLevel[New World]'/minecraft:the_nether
[15Jan2026 17:36:31.714] [Server thread/DEBUG] [net.neoforged.neoforge.common.CommonHooks/WP]: Gathered mod list to write to world save New World
[15Jan2026 17:36:31.715] [Server thread/INFO] [net.minecraft.server.MinecraftServer/]: ThreadedAnvilChunkStorage (New World): All chunks are saved
[15Jan2026 17:36:31.715] [Server thread/INFO] [net.minecraft.server.MinecraftServer/]: ThreadedAnvilChunkStorage (DIM1): All chunks are saved
[15Jan2026 17:36:31.715] [Server thread/INFO] [net.minecraft.server.MinecraftServer/]: ThreadedAnvilChunkStorage (DIM-1): All chunks are saved
[15Jan2026 17:36:31.715] [Server thread/INFO] [net.minecraft.server.MinecraftServer/]: ThreadedAnvilChunkStorage: All dimensions are saved
[15Jan2026 17:36:31.754] [Server thread/DEBUG] [net.neoforged.fml.config.ConfigTracker/CONFIG]: Unloading configs type SERVER
[15Jan2026 17:36:32.250] [Render thread/INFO] [net.minecraft.client.Minecraft/]: Stopping!
